{
 "_comment": "NASA-7 polynomial thermo (two ranges) + Lennard-Jones transport. cp/R=a1+a2T+a3T^2+a4T^3+a5T^4; h/RT=a1+a2T/2+a3T^2/3+a4T^3/4+a5T^4/5+a6/T; s/R=a1 lnT+a2T+a3T^2/2+a4T^3/3+a5T^4/4+a7. sigma=LJ collision diameter [Angstrom], epsk=LJ well depth eps/k [K]. M in kg/kmol. Source: a standard combustion mechanism.",
 "species": {
  "N2": {
   "composition": {
    "N": 2
   },
   "M": 28.014,
   "Tranges": [
    300.0,
    1000.0,
    5000.0
   ],
   "coeffs": [
    [
     3.298677,
     0.0014082404,
     -3.963222e-06,
     5.641515e-09,
     -2.444854e-12,
     -1020.8999,
     3.950372
    ],
    [
     2.92664,
     0.0014879768,
     -5.68476e-07,
     1.0097038e-10,
     -6.753351e-15,
     -922.7977,
     5.980528
    ]
   ],
   "sigma": 3.621,
   "epsk": 97.53
  },
  "O2": {
   "composition": {
    "O": 2
   },
   "M": 31.998,
   "Tranges": [
    200.0,
    1000.0,
    3500.0
   ],
   "coeffs": [
    [
     3.78245636,
     -0.00299673416,
     9.84730201e-06,
     -9.68129509e-09,
     3.24372837e-12,
     -1063.94356,
     3.65767573
    ],
    [
     3.28253784,
     0.00148308754,
     -7.57966669e-07,
     2.09470555e-10,
     -2.16717794e-14,
     -1088.45772,
     5.45323129
    ]
   ],
   "sigma": 3.458,
   "epsk": 107.4
  },
  "CO2": {
   "composition": {
    "C": 1,
    "O": 2
   },
   "M": 44.009,
   "Tranges": [
    200.0,
    1000.0,
    3500.0
   ],
   "coeffs": [
    [
     2.35677352,
     0.00898459677,
     -7.12356269e-06,
     2.45919022e-09,
     -1.43699548e-13,
     -48371.9697,
     9.90105222
    ],
    [
     3.85746029,
     0.00441437026,
     -2.21481404e-06,
     5.23490188e-10,
     -4.72084164e-14,
     -48759.166,
     2.27163806
    ]
   ],
   "sigma": 3.763,
   "epsk": 244.0
  },
  "H2O": {
   "composition": {
    "H": 2,
    "O": 1
   },
   "M": 18.015,
   "Tranges": [
    200.0,
    1000.0,
    3500.0
   ],
   "coeffs": [
    [
     4.19864056,
     -0.0020364341,
     6.52040211e-06,
     -5.48797062e-09,
     1.77197817e-12,
     -30293.7267,
     -0.849032208
    ],
    [
     3.03399249,
     0.00217691804,
     -1.64072518e-07,
     -9.7041987e-11,
     1.68200992e-14,
     -30004.2971,
     4.9667701
    ]
   ],
   "sigma": 2.605,
   "epsk": 572.4
  },
  "CO": {
   "composition": {
    "C": 1,
    "O": 1
   },
   "M": 28.01,
   "Tranges": [
    200.0,
    1000.0,
    3500.0
   ],
   "coeffs": [
    [
     3.57953347,
     -0.00061035368,
     1.01681433e-06,
     9.07005884e-10,
     -9.04424499e-13,
     -14344.086,
     3.50840928
    ],
    [
     2.71518561,
     0.00206252743,
     -9.98825771e-07,
     2.30053008e-10,
     -2.03647716e-14,
     -14151.8724,
     7.81868772
    ]
   ],
   "sigma": 3.65,
   "epsk": 98.1
  },
  "H2": {
   "composition": {
    "H": 2
   },
   "M": 2.016,
   "Tranges": [
    200.0,
    1000.0,
    3500.0
   ],
   "coeffs": [
    [
     2.34433112,
     0.00798052075,
     -1.9478151e-05,
     2.01572094e-08,
     -7.37611761e-12,
     -917.935173,
     0.683010238
    ],
    [
     3.3372792,
     -4.94024731e-05,
     4.99456778e-07,
     -1.79566394e-10,
     2.00255376e-14,
     -950.158922,
     -3.20502331
    ]
   ],
   "sigma": 2.92,
   "epsk": 38.0
  },
  "CH4": {
   "composition": {
    "C": 1,
    "H": 4
   },
   "M": 16.043,
   "Tranges": [
    200.0,
    1000.0,
    3500.0
   ],
   "coeffs": [
    [
     5.14987613,
     -0.0136709788,
     4.91800599e-05,
     -4.84743026e-08,
     1.66693956e-11,
     -10246.6476,
     -4.64130376
    ],
    [
     0.074851495,
     0.0133909467,
     -5.73285809e-06,
     1.22292535e-09,
     -1.0181523e-13,
     -9468.34459,
     18.437318
    ]
   ],
   "sigma": 3.746,
   "epsk": 141.4
  },
  "C2H6": {
   "composition": {
    "C": 2,
    "H": 6
   },
   "M": 30.07,
   "Tranges": [
    200.0,
    1000.0,
    3500.0
   ],
   "coeffs": [
    [
     4.29142492,
     -0.0055015427,
     5.99438288e-05,
     -7.08466285e-08,
     2.68685771e-11,
     -11522.2055,
     2.66682316
    ],
    [
     1.0718815,
     0.0216852677,
     -1.00256067e-05,
     2.21412001e-09,
     -1.9000289e-13,
     -11426.3932,
     15.1156107
    ]
   ],
   "sigma": 4.302,
   "epsk": 252.3
  },
  "C3H8": {
   "composition": {
    "C": 3,
    "H": 8
   },
   "M": 44.097,
   "Tranges": [
    300.0,
    1000.0,
    5000.0
   ],
   "coeffs": [
    [
     0.93355381,
     0.026424579,
     6.1059727e-06,
     -2.1977499e-08,
     9.5149253e-12,
     -13958.52,
     19.201691
    ],
    [
     7.5341368,
     0.018872239,
     -6.2718491e-06,
     9.1475649e-10,
     -4.7838069e-14,
     -16467.516,
     -17.892349
    ]
   ],
   "sigma": 4.982,
   "epsk": 266.8
  },
  "C2H4": {
   "composition": {
    "C": 2,
    "H": 4
   },
   "M": 28.054,
   "Tranges": [
    200.0,
    1000.0,
    3500.0
   ],
   "coeffs": [
    [
     3.95920148,
     -0.00757052247,
     5.70990292e-05,
     -6.91588753e-08,
     2.69884373e-11,
     5089.77593,
     4.09733096
    ],
    [
     2.03611116,
     0.0146454151,
     -6.71077915e-06,
     1.47222923e-09,
     -1.25706061e-13,
     4939.88614,
     10.3053693
    ]
   ],
   "sigma": 3.971,
   "epsk": 280.8
  },
  "C2H2": {
   "composition": {
    "C": 2,
    "H": 2
   },
   "M": 26.038,
   "Tranges": [
    200.0,
    1000.0,
    3500.0
   ],
   "coeffs": [
    [
     0.808681094,
     0.0233615629,
     -3.55171815e-05,
     2.80152437e-08,
     -8.50072974e-12,
     26428.9807,
     13.9397051
    ],
    [
     4.14756964,
     0.00596166664,
     -2.37294852e-06,
     4.67412171e-10,
     -3.61235213e-14,
     25935.9992,
     -1.23028121
    ]
   ],
   "sigma": 4.1,
   "epsk": 209.0
  },
  "OH": {
   "composition": {
    "O": 1,
    "H": 1
   },
   "M": 17.007,
   "Tranges": [
    200.0,
    1000.0,
    3500.0
   ],
   "coeffs": [
    [
     3.99201543,
     -0.00240131752,
     4.61793841e-06,
     -3.88113333e-09,
     1.3641147e-12,
     3615.08056,
     -0.103925458
    ],
    [
     3.09288767,
     0.000548429716,
     1.26505228e-07,
     -8.79461556e-11,
     1.17412376e-14,
     3858.657,
     4.4766961
    ]
   ],
   "sigma": 2.75,
   "epsk": 80.0
  },
  "H": {
   "composition": {
    "H": 1
   },
   "M": 1.008,
   "Tranges": [
    200.0,
    1000.0,
    3500.0
   ],
   "coeffs": [
    [
     2.5,
     7.05332819e-13,
     -1.99591964e-15,
     2.30081632e-18,
     -9.27732332e-22,
     25473.6599,
     -0.446682853
    ],
    [
     2.50000001,
     -2.30842973e-11,
     1.61561948e-14,
     -4.73515235e-18,
     4.98197357e-22,
     25473.6599,
     -0.446682914
    ]
   ],
   "sigma": 2.05,
   "epsk": 145.0
  },
  "O": {
   "composition": {
    "O": 1
   },
   "M": 15.999,
   "Tranges": [
    200.0,
    1000.0,
    3500.0
   ],
   "coeffs": [
    [
     3.1682671,
     -0.00327931884,
     6.64306396e-06,
     -6.12806624e-09,
     2.11265971e-12,
     29122.2592,
     2.05193346
    ],
    [
     2.56942078,
     -8.59741137e-05,
     4.19484589e-08,
     -1.00177799e-11,
     1.22833691e-15,
     29217.5791,
     4.78433864
    ]
   ],
   "sigma": 2.75,
   "epsk": 80.0
  },
  "N": {
   "composition": {
    "N": 1
   },
   "M": 14.007,
   "Tranges": [
    200.0,
    1000.0,
    6000.0
   ],
   "coeffs": [
    [
     2.5,
     0.0,
     0.0,
     0.0,
     0.0,
     56104.637,
     4.1939087
    ],
    [
     2.4159429,
     0.00017489065,
     -1.1902369e-07,
     3.0226245e-11,
     -2.0360982e-15,
     56133.773,
     4.6496096
    ]
   ],
   "sigma": 3.298,
   "epsk": 71.4
  },
  "AR": {
   "composition": {
    "Ar": 1
   },
   "M": 39.948,
   "Tranges": [
    300.0,
    1000.0,
    5000.0
   ],
   "coeffs": [
    [
     2.5,
     0.0,
     0.0,
     0.0,
     0.0,
     -745.375,
     4.366
    ],
    [
     2.5,
     0.0,
     0.0,
     0.0,
     0.0,
     -745.375,
     4.366
    ]
   ],
   "sigma": 3.33,
   "epsk": 136.5
  }
 }
}