"file","golden","symbols"
"fixtures/corpus/accomp-air-coil-cools-and-dehumidifies.frees","true","AirCoil;MoistAirSink;MoistAirSource;TwoPhaseSink;TwoPhaseSource"
"fixtures/corpus/accomp-exv-opening-sets-flow-2.frees","true","EXV;TwoPhasePressureSink;TwoPhasePressureSource"
"fixtures/corpus/accomp-exv-opening-sets-flow.frees","true","EXV;TwoPhasePressureSink;TwoPhasePressureSource"
"fixtures/corpus/accomp-txv-relaxes-toward-its-superheat-target.frees","true","odevalue;finalvalue;minvalue;ThermalSource;TwoPhasePressureSink;TwoPhasePressureSource;TXV"
"fixtures/corpus/accomp-volumetric-compressor-scales-flow-with-rpm-2.frees","true","TwoPhaseCompressor;TwoPhasePressureSource;TwoPhaseSink"
"fixtures/corpus/accomp-volumetric-compressor-scales-flow-with-rpm.frees","true","TwoPhaseCompressor;TwoPhasePressureSource;TwoPhaseSink"
"fixtures/corpus/adiabatic-flame-temp.frees","true","adiabaticflametemp"
"fixtures/corpus/adv_connect_keyword_case.frees","true","Conduction;ThermalSource"
"fixtures/corpus/adv_cyclepath_rankine_order.frees","true","Boiler;Condenser;Pump;Sink;Source;Turbine"
"fixtures/corpus/adv_diag_connect_two_streams.frees","true","Sink;Source;Throttle"
"fixtures/corpus/adv_diag_duplicate_instance_rejected.frees","true","ThermalSource"
"fixtures/corpus/adv_diag_no_mangled_scalar_in_message.frees","true","Sink;Source;Valve"
"fixtures/corpus/adv_diag_port_arity_rejected.frees","true","Conduction;ThermalSource"
"fixtures/corpus/adv_diag_unknown_component_rejected.frees","true",""
"fixtures/corpus/adv_diag_unknown_param_rejected.frees","true","ThermalSource"
"fixtures/corpus/adv_diag_unknown_port_rejected.frees","true","Conduction;ThermalSource"
"fixtures/corpus/adv_domain_fluid_mechanical_rejected.frees","true","Inertia;Source"
"fixtures/corpus/adv_domain_gas_vs_oil_rejected.frees","true","HydraulicOrifice;HydraulicTank;PneumaticSupply"
"fixtures/corpus/adv_domain_heat_electrical_rejected.frees","true","Ground;Resistor;ThermalSource"
"fixtures/corpus/adv_domain_liquid_vs_twophase_rejected.frees","true","LiquidSource;TwoPhaseSink"
"fixtures/corpus/adv_domain_signal_vs_heat_rejected.frees","true","SigConstant;ThermalSource"
"fixtures/corpus/adv_domain_steam_vs_moistair_rejected.frees","true","HeatingCoil;MoistAirSink;Source"
"fixtures/corpus/adv_domain_untagged_fluid_pair.frees","true","Sink;Throttle"
"fixtures/corpus/adv_domain_untagged_vs_liquid_rejected.frees","true","LiquidSink;Source"
"fixtures/corpus/adv_hierarchical_component.frees","true","Sink;Valve"
"fixtures/corpus/adv_junction_electrical_four_way.frees","true","r2;Ground;Resistor;VoltageSource"
"fixtures/corpus/adv_junction_fluid_mixer_enthalpy.frees","true","Mixer;Sink"
"fixtures/corpus/adv_junction_fluid_mixer_node.frees","true","Sink;Source"
"fixtures/corpus/adv_junction_fluid_node_h_is_equality.frees","true",""
"fixtures/corpus/adv_junction_fluid_split_enthalpy.frees","true","Sink;Source;Valve"
"fixtures/corpus/adv_junction_heat_three_way.frees","true","Conduction;ThermalSource"
"fixtures/corpus/adv_junction_loop_closure_cycle.frees","true","Conduction;ThermalSource"
"fixtures/corpus/adv_junction_rotational_three_way.frees","true","MechGround;RotationalDamper;TorqueSource"
"fixtures/corpus/adv_junction_translational_three_way.frees","true","ForceSource;TransDamper;TransGround"
"fixtures/corpus/adv_moistair_W_passthrough.frees","true","AirFilter;HeatingCoil;MoistAirSink;MoistAirSource"
"fixtures/corpus/adv_moistair_dryair_basis_three_way.frees","true","HeatingCoil;MixingBox;MoistAirDamper;MoistAirSink"
"fixtures/corpus/adv_moistair_dryair_three_way.frees","true","MoistAirDamper;MoistAirSink;MoistAirSource"
"fixtures/corpus/adv_moistair_mixingbox_weighted.frees","true","MixingBox;MoistAirSink"
"fixtures/corpus/adv_naming_case_folded_member.frees","true","Sink"
"fixtures/corpus/adv_naming_locals_two_instances.frees","true","Sink"
"fixtures/corpus/adv_naming_port_member_chain.frees","true","Conduction;ThermalSource"
"fixtures/corpus/adv_naming_stream_vs_connect_binding.frees","true","Conduction;Sink;Source;ThermalSource;Valve"
"fixtures/corpus/adv_naming_top_level_shadow.frees","true","Sink"
"fixtures/corpus/adv_naming_unconnected_port.frees","true","Conduction;ThermalSource"
"fixtures/corpus/adv_signal_domain_fanout.frees","true","SigAbs;SigConstant;SigGain"
"fixtures/corpus/adv_species_combustion_riders.frees","true","GasMixerN"
"fixtures/corpus/adv_species_oil_fraction.frees","true","TwoPhaseOilRider;TwoPhaseSensor;TwoPhaseSink;TwoPhaseSourcePH"
"fixtures/corpus/adv_species_y_chain.frees","true","GasMixer;GasPipe;GasSource"
"fixtures/corpus/adv_storage_steady_branch.frees","true","Conduction;ThermalMass;ThermalSource"
"fixtures/corpus/adv_userdef_named_output.frees","true","Sink"
"fixtures/corpus/adv_variant_default_model.frees","true","Sink;Valve"
"fixtures/corpus/adv_variant_missing_require_rejected.frees","true","Sink;Source;Valve"
"fixtures/corpus/adv_variant_require_satisfied_by_default.frees","true","Sink"
"fixtures/corpus/adv_variant_require_unknown_param_rejected.frees","true","Sink;Source"
"fixtures/corpus/adv_variant_selects_eqpct.frees","true","Sink;Valve"
"fixtures/corpus/adv_variant_unknown_model_rejected.frees","true","Sink;Source;Valve"
"fixtures/corpus/all-roots-solver-bounds-restrict-the-root-search.frees","true",""
"fixtures/corpus/arithmetic.frees","true",""
"fixtures/corpus/av_acc_all_ten.frees","true","odevalue;finalvalue;maxvalue;minvalue;timeat;odeavg;odesum;odestddev;odemin;odemax"
"fixtures/corpus/av_acc_aux_column.frees","true","odevalue;finalvalue;maxvalue"
"fixtures/corpus/av_acc_bad_column.frees","true","odevalue;finalvalue"
"fixtures/corpus/av_acc_extra_arg_ignored.frees","true","odevalue;finalvalue;maxvalue"
"fixtures/corpus/av_acc_missing_arg.frees","true","odevalue"
"fixtures/corpus/av_acc_no_context.frees","true","tablevalue;odevalue;finalvalue;maxvalue;odeavg"
"fixtures/corpus/av_acc_ode_only_unknown_is_not_analytic.frees","true","odevalue;finalvalue"
"fixtures/corpus/av_acc_odevalue_clamps.frees","true","odevalue"
"fixtures/corpus/av_acc_on_time_column.frees","true","odevalue;finalvalue;odeavg;odesum;odestddev"
"fixtures/corpus/av_acc_timeat_first_of_two.frees","true","odevalue;timeat"
"fixtures/corpus/av_acc_timeat_never.frees","true","odevalue;timeat"
"fixtures/corpus/av_acc_timeat_on_row.frees","true","odevalue;timeat"
"fixtures/corpus/av_acc_two_blocks.frees","true","beta;odevalue;finalvalue"
"fixtures/corpus/av_acc_two_blocks_same_column.frees","true","odevalue;finalvalue"
"fixtures/corpus/av_ev_any_direction.frees","true","cos"
"fixtures/corpus/av_ev_any_keyword.frees","true","cos"
"fixtures/corpus/av_ev_at_t0.frees","true",""
"fixtures/corpus/av_ev_at_t0_stop.frees","true",""
"fixtures/corpus/av_ev_falling_only.frees","true","cos"
"fixtures/corpus/av_ev_guard_on_aux.frees","true",""
"fixtures/corpus/av_ev_guard_on_time.frees","true",""
"fixtures/corpus/av_ev_never_fires.frees","true",""
"fixtures/corpus/av_ev_rising_only.frees","true","cos"
"fixtures/corpus/av_ev_set_hysteresis.frees","true",""
"fixtures/corpus/av_ev_set_then_stop.frees","true",""
"fixtures/corpus/av_ev_set_to_expression.frees","true",""
"fixtures/corpus/av_ev_stop_at_tf.frees","true",""
"fixtures/corpus/av_ev_tangential.frees","true",""
"fixtures/corpus/av_ev_two_in_one_step.frees","true",""
"fixtures/corpus/av_ev_two_stop_race.frees","true",""
"fixtures/corpus/av_ev_two_wide_apart.frees","true",""
"fixtures/corpus/av_int_dense_between.frees","true","sin"
"fixtures/corpus/av_int_fixed_ode1.frees","true",""
"fixtures/corpus/av_int_fixed_ode4.frees","true",""
"fixtures/corpus/av_int_maxstep_cap.frees","true",""
"fixtures/corpus/av_int_reversed_span.frees","true",""
"fixtures/corpus/av_int_step_rejection.frees","true","exp"
"fixtures/corpus/av_int_stiff_ode15s.frees","true","sin;cos"
"fixtures/corpus/av_int_stiff_ode23s.frees","true","sin;cos"
"fixtures/corpus/av_int_stiff_ode45.frees","true","sin;cos"
"fixtures/corpus/av_int_stiff_pair_ode15s.frees","true",""
"fixtures/corpus/av_int_tight_tol.frees","true",""
"fixtures/corpus/av_int_vdp_ode23.frees","true",""
"fixtures/corpus/av_int_vdp_ode23s.frees","true",""
"fixtures/corpus/av_int_vdp_ode45.frees","true",""
"fixtures/corpus/av_int_zero_span.frees","true",""
"fixtures/corpus/av_lim_atol_zero.frees","true","cos"
"fixtures/corpus/av_lim_blowup_inf.frees","true",""
"fixtures/corpus/av_lim_ic_expression.frees","true",""
"fixtures/corpus/av_lim_maxstep_default.frees","true",""
"fixtures/corpus/av_lim_nan_rhs.frees","true","sqrt"
"fixtures/corpus/av_lim_points_negative.frees","true",""
"fixtures/corpus/av_lim_points_one.frees","true",""
"fixtures/corpus/av_lim_points_two.frees","true",""
"fixtures/corpus/av_lim_points_zero.frees","true",""
"fixtures/corpus/av_lim_rtol_zero.frees","true",""
"fixtures/corpus/av_lim_step_exceeds_span.frees","true",""
"fixtures/corpus/av_lim_stop_row_grid.frees","true",""
"fixtures/corpus/av_lim_units_in_header.frees","true",""
"fixtures/corpus/av_lim_unknown_method.frees","true",""
"fixtures/corpus/av_lim_unknown_option.frees","true",""
"fixtures/corpus/av_lin_default_names.frees","true","Conduction;HeatSource;ThermalMass;ThermalSource"
"fixtures/corpus/av_lin_state_as_output.frees","true","Conduction;HeatSource;ThermalMass;ThermalSource"
"fixtures/corpus/av_lin_two_in_two_out.frees","true","Conduction;HeatSource;ThermalMass;ThermalSource"
"fixtures/corpus/av_lin_two_states_one_input.frees","true","Conduction;HeatSource;ThermalMass;ThermalSource"
"fixtures/corpus/av_lin_unknown_block.frees","true","HeatSource;ThermalMass;ThermalSource"
"fixtures/corpus/av_lin_unknown_output.frees","true","Conduction;HeatSource;ThermalMass;ThermalSource"
"fixtures/corpus/av_live_cheap_final.frees","true","odevalue;finalvalue"
"fixtures/corpus/av_live_cheap_maxvalue.frees","true","odevalue;maxvalue"
"fixtures/corpus/av_live_cheap_odevalue.frees","true","odevalue"
"fixtures/corpus/av_live_cheap_timeat.frees","true","odevalue;timeat"
"fixtures/corpus/av_live_two_unknowns.frees","true","odevalue;finalvalue"
"fixtures/corpus/av_mol_rosenbrock_rod.frees","true",""
"fixtures/corpus/av_stor_capacitor_dynamic.frees","true","Capacitor;Ground;Resistor;VoltageSource"
"fixtures/corpus/av_stor_mass_with_event.frees","true","Conduction;HeatSource;ThermalMass;ThermalSource"
"fixtures/corpus/av_stor_steady_limit.frees","true","Conduction;HeatSource;ThermalMass;ThermalSource"
"fixtures/corpus/av_stor_thermalmass_dynamic.frees","true","Conduction;HeatSource;ThermalMass;ThermalSource"
"fixtures/corpus/av_stor_two_masses_dynamic.frees","true","Conduction;HeatSource;ThermalMass;ThermalSource"
"fixtures/corpus/av_unc_chain_three_deep.frees","true","uncertaintyof"
"fixtures/corpus/av_unc_declares_unknown_var.frees","true","uncertaintyof"
"fixtures/corpus/av_unc_expression_spec.frees","true","uncertaintyof"
"fixtures/corpus/av_unc_kinetic_energy.frees","true","uncertaintyof"
"fixtures/corpus/av_unc_negative_spec.frees","true","uncertaintyof"
"fixtures/corpus/av_unc_no_query.frees","true","uncertaintyof"
"fixtures/corpus/av_unc_on_component_param.frees","true","uncertaintyof;Conduction;ThermalSource"
"fixtures/corpus/av_unc_query_only.frees","true","uncertaintyof"
"fixtures/corpus/av_unc_reads_own_uncertainty.frees","true","uncertaintyof"
"fixtures/corpus/av_unc_redeclared.frees","true","uncertaintyof"
"fixtures/corpus/av_unc_rhs_form_not_a_declaration.frees","true","uncertaintyof"
"fixtures/corpus/av_unc_shared_source_correlates.frees","true","uncertaintyof"
"fixtures/corpus/av_unc_square_law.frees","true","uncertaintyof"
"fixtures/corpus/av_unc_string_target.frees","true","uncertaintyof"
"fixtures/corpus/av_unc_through_nonlinear_block.frees","true","uncertaintyof"
"fixtures/corpus/av_unc_two_args_not_a_declaration.frees","true","uncertaintyof"
"fixtures/corpus/av_unc_two_sources_rss.frees","true","uncertaintyof"
"fixtures/corpus/av_unc_undeclared.frees","true","uncertaintyof"
"fixtures/corpus/av_unc_with_integral.frees","true","integral;uncertaintyof"
"fixtures/corpus/av_unc_with_transient.frees","true","uncertaintyof;odevalue;finalvalue"
"fixtures/corpus/av_unc_zero_becomes_source.frees","true","uncertaintyof"
"fixtures/corpus/av_unc_zero_uncertainty.frees","true","uncertaintyof"
"fixtures/corpus/bitwise-and-special-math-test-base-convert.frees","true","baseconvert"
"fixtures/corpus/bitwise-and-special-math-test-bessel-i.frees","true","besseli"
"fixtures/corpus/bitwise-and-special-math-test-bitwise-operations.frees","true","bitand;bitor;bitxor;bitnot;bitshiftl;bitshiftr"
"fixtures/corpus/bitwise-and-special-math-test-cs-number-theory.frees","true","mod;gcd;lcm"
"fixtures/corpus/bitwise-and-special-math-test-new-bessel-and-chi-square.frees","true","chi_square;bessely;besselk;besselj0;besselj1;bessely0;bessely1;besseli0;besseli1;besselk0;besselk1"
"fixtures/corpus/bitwise-and-special-math-test-special-math-functions.frees","true","gamma;loggamma;beta;erf;erfc;erfinv;besselj"
"fixtures/corpus/brayton-cycle.frees","true",""
"fixtures/corpus/browser_matrix_function_table.frees","true","SolveLinear"
"fixtures/corpus/call_cholesky.frees","true","cholesky"
"fixtures/corpus/call_cholesky_3x3.frees","true","cholesky"
"fixtures/corpus/call_convolve.frees","true",""
"fixtures/corpus/call_convolve_bare_outputs.frees","true",""
"fixtures/corpus/call_convolve_wrong_output_length_rejected.frees","true",""
"fixtures/corpus/call_fft.frees","true",""
"fixtures/corpus/call_fft_bare_outputs.frees","true",""
"fixtures/corpus/call_fft_feeds_expression.frees","true","sqrt"
"fixtures/corpus/call_fft_length_mismatch_rejected.frees","true",""
"fixtures/corpus/call_fft_over_equation_budget_rejected.frees","true","zeros;linspace"
"fixtures/corpus/call_fft_single_vector_rejected.frees","true",""
"fixtures/corpus/call_ifft_roundtrip.frees","true",""
"fixtures/corpus/call_inside_function_rejected.frees","true","pole"
"fixtures/corpus/call_interp2_explicit_slices.frees","true",""
"fixtures/corpus/call_interp2_range_on_scalar_output_rejected.frees","true",""
"fixtures/corpus/call_kernels_mixed.frees","true",""
"fixtures/corpus/call_linfit.frees","true",""
"fixtures/corpus/call_linfit_length_mismatch_rejected.frees","true",""
"fixtures/corpus/call_linfit_noisy.frees","true",""
"fixtures/corpus/call_linfit_omitted_b_and_r2.frees","true",""
"fixtures/corpus/call_linfit_omitted_r2.frees","true",""
"fixtures/corpus/call_ludecompose.frees","true","LUDecompose"
"fixtures/corpus/call_matexp.frees","true","matexp"
"fixtures/corpus/call_matexp_nilpotent.frees","true","matexp"
"fixtures/corpus/call_matexp_nonsquare_rejected.frees","true","matexp"
"fixtures/corpus/call_matexp_rotation.frees","true","matexp"
"fixtures/corpus/call_polyfit.frees","true",""
"fixtures/corpus/call_polyfit_degree_from_constant.frees","true",""
"fixtures/corpus/call_polyfit_linear.frees","true",""
"fixtures/corpus/call_polyfit_negative_degree_rejected.frees","true",""
"fixtures/corpus/call_polyfit_short_coefficients_rejected.frees","true",""
"fixtures/corpus/call_qr.frees","true","qr"
"fixtures/corpus/call_qr_over_equation_budget_rejected.frees","true","qr;eye"
"fixtures/corpus/call_qr_rectangular.frees","true","qr"
"fixtures/corpus/call_qr_scalar_input_rejected.frees","true","qr"
"fixtures/corpus/call_qr_vector_input_rejected.frees","true","qr"
"fixtures/corpus/call_qr_wide.frees","true","qr"
"fixtures/corpus/call_qr_wrong_q_shape_rejected.frees","true","qr"
"fixtures/corpus/call_singularvalues_descending.frees","true",""
"fixtures/corpus/call_singularvalues_rectangular.frees","true",""
"fixtures/corpus/call_singularvalues_wrong_length_rejected.frees","true",""
"fixtures/corpus/call_svd.frees","true","svd"
"fixtures/corpus/call_svd_symmetric.frees","true","svd"
"fixtures/corpus/call_svd_wrong_shapes_rejected.frees","true","svd"
"fixtures/corpus/callauto-eigenvalues-sized-from-matrix-dimension-2.frees","true","Eigenvalues"
"fixtures/corpus/callauto-eigenvalues-sized-from-matrix-dimension.frees","true","Eigenvalues"
"fixtures/corpus/canonical.frees","true",""
"fixtures/corpus/case_insensitive.frees","true",""
"fixtures/corpus/cd-nozzle-shock.frees","true","t0_t;p0_p;mach_a_astar;m2_shock;p2_p1_shock;p02_p01_shock"
"fixtures/corpus/chem_equilibrium.frees","true","eq_molefraction;adiabaticflametempeq"
"fixtures/corpus/chem_errors.frees","true",""
"fixtures/corpus/chem_flame_temp.frees","true","adiabaticflametemp"
"fixtures/corpus/chem_heating_value.frees","true",""
"fixtures/corpus/chem_idealgas.frees","true","compressibility;cp;cv;density;enthalpy;entropy;gibbs;intenergy;specheat;temperature;volume"
"fixtures/corpus/chem_mixture.frees","true","mix_mw;mix_cp;mix_enthalpy;mix_entropy"
"fixtures/corpus/chem_molar_mass.frees","true",""
"fixtures/corpus/chem_nasa7.frees","true","mix_cp;mix_enthalpy;mix_entropy"
"fixtures/corpus/chgclosed-charge-chain-is-well-posed.frees","true","TwoPhaseCondenserUA;TwoPhaseEnthalpySource;TwoPhaseSink"
"fixtures/corpus/chgclosed-condensing-pressure-floats-with-ambient-and-charge-2.frees","true","TwoPhaseCondenserUA;TwoPhaseEnthalpySource;TwoPhaseSink"
"fixtures/corpus/chgclosed-condensing-pressure-floats-with-ambient-and-charge.frees","true","TwoPhaseCondenserUA;TwoPhaseEnthalpySource;TwoPhaseSink"
"fixtures/corpus/chiller-chiller-cools-the-coolant-loop.frees","true","Chiller;LiquidSink;LiquidSource;TwoPhaseSink;TwoPhaseSource"
"fixtures/corpus/chiller-higher-refrigerant-flow-delivers-more-cooling-2.frees","true","Chiller;LiquidSink;LiquidSource;TwoPhaseSink;TwoPhaseSource"
"fixtures/corpus/chiller-higher-refrigerant-flow-delivers-more-cooling.frees","true","Chiller;LiquidSink;LiquidSource;TwoPhaseSink;TwoPhaseSource"
"fixtures/corpus/closed-loop-attempt-closed-loop-is-structurally-well-posed.frees","true","cond;density;enthalpy;entropy;TwoPhaseMixer;TXV"
"fixtures/corpus/closed-loop-dynamic-integrate-to-steady.frees","true","min;cond;density;enthalpy;entropy;TwoPhaseMixer;TXV"
"fixtures/corpus/closedloop-measure-dof-2.frees","true","exp;enthalpy"
"fixtures/corpus/closedloop-measure-dof-3.frees","true","exp"
"fixtures/corpus/closedloop-measure-dof-4.frees","true","exp"
"fixtures/corpus/closedloop-measure-dof-5.frees","true","exp"
"fixtures/corpus/closedloop-measure-dof-6.frees","true","EXV;TwoPhaseCompressor;TwoPhaseCondenser;TwoPhaseEvaporator;TwoPhaseExpansionValve;TwoPhaseSink;TwoPhaseSource"
"fixtures/corpus/closedloop-measure-dof-7.frees","true","exp;enthalpy;TwoPhaseExpansionValve"
"fixtures/corpus/closedloop-measure-dof.frees","true","exp"
"fixtures/corpus/closedloop-rel.frees","true","exp"
"fixtures/corpus/code-parametric-log-column-spacing.frees","true",""
"fixtures/corpus/code-parametric-parses-range-and-list-columns-into-rows.frees","true",""
"fixtures/corpus/code-parametric-uneven-columns-pad-with-null-cells.frees","true",""
"fixtures/corpus/code-range-explicit-linear-flag-works.frees","true",""
"fixtures/corpus/code-range-linear-range-with-step-fills-array.frees","true",""
"fixtures/corpus/code-range-log-range-spaces-geometrically.frees","true",""
"fixtures/corpus/code-range-negative-step-counts-down.frees","true",""
"fixtures/corpus/code-range-range-array-works-with-sum.frees","true","sum"
"fixtures/corpus/code-range-two-number-form-defaults-to-step-one.frees","true",""
"fixtures/corpus/codetable-check-accepts-code-table.frees","true",""
"fixtures/corpus/codetable-clamps-outside-range.frees","true",""
"fixtures/corpus/codetable-differentiate-table-column.frees","true","differentiate"
"fixtures/corpus/codetable-interpolate-name-linear-matches-direct-call.frees","true","interpolate"
"fixtures/corpus/codetable-interpolate1-cubic-spline-through-collinear-points-is-linear.frees","true","interpolate1"
"fixtures/corpus/codetable-interpolate2-d-name-matches-curve-family.frees","true","interpolate2d"
"fixtures/corpus/codetable-log-axes-interpolate-as-power-law.frees","true",""
"fixtures/corpus/codetable-lookup-cell-and-row-count-and-row.frees","true","lookup;lookuprow;nlookuprows"
"fixtures/corpus/codetable-mixed-case-call-resolves-to-table.frees","true",""
"fixtures/corpus/codetable-negative-arguments-are-supported.frees","true",""
"fixtures/corpus/codetable-one-dimensional-table-interpolates.frees","true",""
"fixtures/corpus/codetable-table-function-participates-in-newton-solve.frees","true",""
"fixtures/corpus/codetable-two-dimensional-curve-family-interpolates.frees","true",""
"fixtures/corpus/combustion-thermo-wired-through-solver.frees","true","adiabaticflametemp;mix_mw;mix_cp;wiebe"
"fixtures/corpus/comments.frees","true",""
"fixtures/corpus/complex_components_manual.frees","true","sqrt"
"fixtures/corpus/complex_literal_default_mode.frees","true",""
"fixtures/corpus/complex_real_imag_projections.frees","true","real;imag"
"fixtures/corpus/complex_sqrt_of_negative.frees","true","sqrt"
"fixtures/corpus/component-branching-heat-exchanger-couples-two-circuits.frees","true","enthalpy;HeatExchanger"
"fixtures/corpus/component-branching-mixer-does-flow-weighted-enthalpy-balance.frees","true","Mixer"
"fixtures/corpus/component-branching-split-then-mix-closes-mass-and-energy.frees","true","Mixer;Splitter"
"fixtures/corpus/component-branching-splitter-conserves-mass-and-carries-state.frees","true","Splitter"
"fixtures/corpus/component-breadth-contact-resistance-carries-heat-by-thermal-resistance.frees","true","ContactResistance;ThermalSource"
"fixtures/corpus/component-breadth-diode-conducts-forward-and-blocks-reverse.frees","true","Diode;Ground;Resistor;VoltageSource"
"fixtures/corpus/component-breadth-translational-force-drives-mass-against-damper.frees","true","odevalue;finalvalue;minvalue;ForceSource;TransDamper;TransGround;TransMass"
"fixtures/corpus/component-connect-connect-accepts-bare-stream-names.frees","true",""
"fixtures/corpus/component-connect-connect-branches-and-remerges-through-three-port-nodes.frees","true",""
"fixtures/corpus/component-connect-connect-branches-mass-at-a-three-way-node.frees","true","Sink;Source"
"fixtures/corpus/component-connect-connect-closes-a-loop-without-over-determining.frees","true",""
"fixtures/corpus/component-connect-connect-wires-free-port-instances-in-series.frees","true",""
"fixtures/corpus/component-connect-connect-with-undeterminable-direction-at-branch-is-rejected.frees","true",""
"fixtures/corpus/component-connect-heater.frees","true",""
"fixtures/corpus/component-connect-source-and-sink-boundaries-bracket-an-open-chain.frees","true","Boiler;Sink;Source"
"fixtures/corpus/component-connections-electrical-defs.frees","true",""
"fixtures/corpus/component-connections-explicit-connects-carry-domain-and-endpoints.frees","true",""
"fixtures/corpus/component-connections-heat-nodes-classify-as-heat.frees","true",""
"fixtures/corpus/component-connections-shared-stream-junctions-surface-as-edges.frees","true",""
"fixtures/corpus/component-control-closes-the-loop-with-a-feedback-controller-in-dynamic.frees","true","odevalue;finalvalue;Conduction;ThermalMass;ThermalSource"
"fixtures/corpus/component-control-designs-lqr-from-the-linearized-plant.frees","true","lqr;Conduction;HeatSource;ThermalMass;ThermalSource"
"fixtures/corpus/component-control-pi-controller-eliminates-steady-state-error.frees","true","odevalue;finalvalue;Conduction;PIThermostat;ThermalMass;ThermalSource"
"fixtures/corpus/component-cross-domain-electrical-dissipation-flows-through-a-thermal-network-to-ambient.frees","true","Conduction;Ground;HeatingResistor;ThermalSource;VoltageSource"
"fixtures/corpus/component-cross-domain-ev-pack-self-heating-reaches-steady-temperature-above-coolant.frees","true","BatteryThermal;Conduction;Ground;Resistor;ThermalSource"
"fixtures/corpus/component-cycles-brayton-components-solve.frees","true","enthalpy;Boiler;Compressor;Turbine"
"fixtures/corpus/component-cycles-rankine-components-solve.frees","true","enthalpy;Boiler;Condenser;Pump;Turbine"
"fixtures/corpus/component-cycles-rankine-with-derived-property-boundaries-solves.frees","true","Boiler;Condenser;Pump;Turbine"
"fixtures/corpus/component-cycles-refrigeration-components-solve.frees","true","enthalpy;Compressor;Condenser;Throttle"
"fixtures/corpus/component-diagnostics-rigidly-coupled-storage-is-rejected-as-high-index.frees","true","ThermalMass"
"fixtures/corpus/component-diagnostics-underspecified-component-network-lists-the-involved-stream-members.frees","true","Boiler"
"fixtures/corpus/component-electrical-battery-drives-a-resistive-load-through-its-internal-resistance.frees","true","Battery;Ground;Resistor"
"fixtures/corpus/component-electrical-series-resistors-form-a-voltage-divider.frees","true","r2;Ground;Resistor;VoltageSource"
"fixtures/corpus/component-expansion-derived-property-resolves-on-a-fluid-stream.frees","true","Sink"
"fixtures/corpus/component-expansion-fluid-string-param-is-baked-into-property-call-names.frees","true","density"
"fixtures/corpus/component-expansion-heater-chain-shares-streams-and-conserves-mass.frees","true",""
"fixtures/corpus/component-expansion-heater-lib.frees","true",""
"fixtures/corpus/component-expansion-member-on-fluidless-stream-is-an-opaque-rider.frees","true",""
"fixtures/corpus/component-expansion-named-outputs-are-instance-namespaced-and-param-defaults-apply.frees","true",""
"fixtures/corpus/component-expansion-port-count-mismatch-is-rejected.frees","true",""
"fixtures/corpus/component-expansion-top-level-instance-and-stream-member-refs-resolve-to-same-variable.frees","true",""
"fixtures/corpus/component-expansion-unknown-parameter-override-is-rejected.frees","true",""
"fixtures/corpus/component-expansion-user-component-defaults-still-apply.frees","true",""
"fixtures/corpus/component-expansion-valve-expansion-valve-throttles-isenthalpically-at-orifice-flow.frees","true","ExpansionValve;TXV"
"fixtures/corpus/component-friction-applied-torque-balances-friction-at-steady-speed.frees","true","Friction;MechGround;TorqueSource"
"fixtures/corpus/component-fuel-cell-higher-current-lowers-voltage-and-raises-heat.frees","true","Convection;FuelCellStack;Ground;ThermalSource"
"fixtures/corpus/component-gas-mixture-mixer-blends-composition-flow-weighted.frees","true","GasMixer;GasSource"
"fixtures/corpus/component-gas-mixture-pipe-carries-composition-through.frees","true","GasPipe;GasSource"
"fixtures/corpus/component-gas-mixture-three-way-blend-conserves-species.frees","true","GasMixer;GasSource"
"fixtures/corpus/component-hierarchy-nested-subsystem-flattens-recursively.frees","true",""
"fixtures/corpus/component-hierarchy-subsystem-of-two-heaters-in-series-composes.frees","true",""
"fixtures/corpus/component-hierarchy-subsystem-parameters-flow-into-sub-instances.frees","true",""
"fixtures/corpus/component-hydraulic-cylinder-holds-load-at-supply-pressure-when-stalled.frees","true","HydraulicCylinder;HydraulicOrifice;HydraulicSupply;TransGround"
"fixtures/corpus/component-hydraulic-orifice-meters-flow-from-pressure-drop.frees","true","HydraulicOrifice;HydraulicSupply;HydraulicTank"
"fixtures/corpus/component-hydraulic-relief-valve-stays-shut-below-crack-and-opens-above.frees","true","HydraulicSupply;HydraulicTank;ReliefValve"
"fixtures/corpus/component-hydraulic-speed-driven-pump-delivers-flow-against-an-orifice-load.frees","true","ss;HydraulicOrifice;HydraulicPump;HydraulicSupply;HydraulicTank;MechGround;SpeedSource"
"fixtures/corpus/component-machinery-pmsm-delivers-torque-proportional-to-current.frees","true","Ground;MechGround;PMSM;RotationalDamper;VoltageSource"
"fixtures/corpus/component-machinery-turbocharger-balances-turbine-and-compressor-power-to-set-boost.frees","true","Turbocharger"
"fixtures/corpus/component-map-fan-map-reads-pressure-rise-from-tabulated-curve.frees","true","FanCurve;FanMap"
"fixtures/corpus/component-map-string-param-bakes-as-table-call-name.frees","true",""
"fixtures/corpus/component-mechanical-gear-trades-speed-for-torque-and-conserves-power.frees","true","Gear;MechGround;RotationalDamper;TorqueSource"
"fixtures/corpus/component-mechanical-planetary-gear-with-held-ring-reduces-speed-and-amplifies-torque.frees","true","MechGround;Planetary;RotationalDamper;TorqueSource"
"fixtures/corpus/component-mechanical-torque-driven-damper-reaches-steady-speed.frees","true","MechGround;RotationalDamper;TorqueSource"
"fixtures/corpus/component-metadata-resolves-variable-literal-and-string-param-bindings.frees","true","TwoPhaseEvaporatorUA"
"fixtures/corpus/component-metadata-shared-variable-resolves-to-same-value-under-each-instance.frees","true","LiquidWallHX"
"fixtures/corpus/component-moist-air-air-handling-train-carries-humidity-through-connects.frees","true","CoolingCoil;HeatingCoil;MixingBox;MoistAirSink;MoistAirSource"
"fixtures/corpus/component-moist-air-heating-coil-adds-sensible-heat-at-constant-humidity.frees","true","HeatingCoil"
"fixtures/corpus/component-moist-air-humidifier-adds-moisture-and-enthalpy.frees","true","Humidifier"
"fixtures/corpus/component-moist-air-mixing-box-conserves-dry-air-water-and-energy.frees","true","MixingBox"
"fixtures/corpus/component-moist-air-moist-air-cannot-connect-to-dry-thermofluid.frees","true","MoistAirSource"
"fixtures/corpus/component-motor-battery-drives-motor-against-road-load-across-domains.frees","true","BatteryThermal;DCMotor;Ground;MechGround;RotationalDamper;ThermalSource"
"fixtures/corpus/component-networks-fan-duct-operating-point-solves.frees","true","Duct;FanCurve"
"fixtures/corpus/component-networks-fan-duct-real.frees","true","enthalpy;Fan;Pipe"
"fixtures/corpus/component-niche-battery2rc-shows-combined-dc-resistance-at-steady.frees","true","Battery2RC;Ground;Resistor"
"fixtures/corpus/component-niche-current-source-forces-its-current-through-a-load.frees","true","CurrentSource;Ground;Resistor"
"fixtures/corpus/component-niche-flow-sensor-passes-flow-through-and-reports-it.frees","true","FlowSensor;Sink"
"fixtures/corpus/component-niche-isa-atmosphere-matches-the-standard-layers.frees","true","isa_t;isa_p;isa_rho"
"fixtures/corpus/component-niche-thermal-sensor-reads-node-temperature-without-drawing-heat.frees","true","ThermalSensor;ThermalSource"
"fixtures/corpus/component-nozzle-cd-nozzle-expands-and-produces-thrust.frees","true","Nozzle"
"fixtures/corpus/component-pneumatic-actuator-balances-gas-force-against-a-mechanical-load.frees","true","PneumaticActuator;PneumaticSupply;TransDamper;TransGround"
"fixtures/corpus/component-pneumatic-choked-flow-is-independent-of-downstream-pressure.frees","true","PneumaticAtmosphere;PneumaticOrifice;PneumaticSupply"
"fixtures/corpus/component-pneumatic-orifice-flows-subsonic-above-the-critical-ratio.frees","true","PneumaticAtmosphere;PneumaticOrifice;PneumaticSupply"
"fixtures/corpus/component-pneumatic-volume-charges-through-a-resistance-toward-supply-pressure.frees","true","odevalue;finalvalue;minvalue;PneumaticSupply;PneumaticVolume"
"fixtures/corpus/component-port-units-fan-duct.frees","true","enthalpy;Fan;Pipe"
"fixtures/corpus/component-powertrain-breadth-grade-road-load-adds-rolling-aero-and-grade-resistance.frees","true","ss;GradeRoadLoad;MechGround;SpeedSource"
"fixtures/corpus/component-powertrain-breadth-mean-value-engine-follows-its-torque-curve.frees","true","ss;MeanValueEngine;MechGround;SpeedSource"
"fixtures/corpus/component-powertrain-breadth-transmission-scales-speed-and-torque-with-efficiency.frees","true","ss;MechGround;RotationalDamper;SpeedSource;Transmission"
"fixtures/corpus/component-powertrain-engine-balances-road-load-at-steady-speed.frees","true","Engine;RoadLoad"
"fixtures/corpus/component-powertrain-slipping-clutch-transmits-torque-to-accelerate-the-driven-side.frees","true","Clutch;MechGround;RotationalDamper;TorqueSource"
"fixtures/corpus/component-powertrain-spring-mass-damper-settles-at-the-static-twist.frees","true","odevalue;finalvalue;Inertia;MechGround;RotationalDamper;RotationalSpring;TorqueSource"
"fixtures/corpus/component-psychro-cooling-coil-condenses-and-removes-sensible-plus-latent-heat.frees","true","temperature;CoolingCoil;MoistAirSink;MoistAirSource"
"fixtures/corpus/component-thermal-conduction-between-two-fixed-temperatures-carries-fourier-heat.frees","true","Conduction;ThermalSource"
"fixtures/corpus/component-thermal-surface-loses-heat-by-convection-and-radiation-at-a-three-way-node.frees","true","cv;Convection;Radiation;ThermalSource"
"fixtures/corpus/component-transient-battery-rc-steady-shows-combined-dc-resistance.frees","true","BatteryRC;Ground;Resistor"
"fixtures/corpus/component-transient-battery-rc-transient-relaxes-its-polarization-voltage.frees","true","odevalue;finalvalue;minvalue;BatteryRC;Ground;Resistor"
"fixtures/corpus/component-transient-ev-battery-warms-up-and-depletes-under-load.frees","true","odevalue;finalvalue;maxvalue;BatteryTransient;Conduction;Ground;Resistor;ThermalSource"
"fixtures/corpus/component-transient-fluid-accumulator-pressurizes-until-inflow-meets-outflow.frees","true","odevalue;finalvalue;Accumulator"
"fixtures/corpus/component-transient-inertia-spins-up-under-torque-against-a-damper.frees","true","odevalue;finalvalue;minvalue;Inertia;MechGround;RotationalDamper;TorqueSource"
"fixtures/corpus/component-transient-rc-circuit-charges-through-its-time-constant.frees","true","odevalue;finalvalue;timeat;Capacitor;Ground;Resistor;VoltageSource"
"fixtures/corpus/component-transient-same-storage-model-solves-steady-with-no-dynamic-block.frees","true","Conduction;ThermalMass;ThermalSource"
"fixtures/corpus/component-transient-thermal-mass-relaxes-toward-ambient.frees","true","odevalue;finalvalue;maxvalue;timeat;Conduction;ThermalMass;ThermalSource"
"fixtures/corpus/component-two-phase-two-phase-pipe-applies-the-lockhart-martinelli-multiplier.frees","true","Sink;TwoPhasePipe"
"fixtures/corpus/component-two-phase-txv-meters-flow-from-sensed-superheat.frees","true","ThermalSource;TXV;TXVSuperheat"
"fixtures/corpus/component-valve-datasheet-pump-curve-meets-valve-at-an-operating-point.frees","true","Valve"
"fixtures/corpus/component-valve-two-valves-in-series-share-flow-and-split-the-drop.frees","true","Valve"
"fixtures/corpus/component-valve-valve-sizes-flow-from-its-cv.frees","true","Valve"
"fixtures/corpus/component-variant-boundary.frees","true",""
"fixtures/corpus/component-variant-default-selector-picks-the-default-variant.frees","true",""
"fixtures/corpus/component-variant-library-compressor-defaults-to-isentropic-backward-compatible.frees","true","Compressor"
"fixtures/corpus/component-variant-library-compressor-volumetric-variant-determines-mass-flow.frees","true","Compressor"
"fixtures/corpus/component-variant-missing-required-param-of-selected-variant-errors.frees","true",""
"fixtures/corpus/component-variant-selects-the-named-variant-body.frees","true",""
"fixtures/corpus/component-variant-unknown-variant-is-rejected.frees","true",""
"fixtures/corpus/component-variant-unselected-variant-param-is-optional.frees","true",""
"fixtures/corpus/component-variant-variants-without-selector-param-are-rejected.frees","true",""
"fixtures/corpus/component-variant-widget.frees","true",""
"fixtures/corpus/components_bsweep_hydraulic_cq_lambda.frees","true","HydraulicOrifice;HydraulicSupply;HydraulicTank"
"fixtures/corpus/components_bsweep_mvem_wotmap.frees","true","MeanValueEngine;MechGround;SpeedSource"
"fixtures/corpus/components_bsweep_valve_characteristics.frees","true","Sink;Source;Valve"
"fixtures/corpus/components_definition_unused_beside_scalars.frees","true","Pump"
"fixtures/corpus/components_definition_without_instance.frees","true",""
"fixtures/corpus/components_enablers_dtable_slope.frees","true","dtable;dtable1"
"fixtures/corpus/components_family_ac.frees","true","EXV;EXVCmd;SigConstant;TwoPhaseSink;TwoPhaseSourcePH"
"fixtures/corpus/components_family_electrical.frees","true","r2;CurrentSource;Ground;Resistor;VoltageSource"
"fixtures/corpus/components_family_fluid.frees","true","FlowSensor;Mixer;Sink;Source;Splitter;Valve"
"fixtures/corpus/components_family_heat.frees","true","cv;Conduction;Convection;PIThermostat;ThermalSensor;ThermalSource"
"fixtures/corpus/components_family_hydraulic.frees","true","HydraulicResistance;HydraulicSupply;HydraulicTank;HydraulicValve"
"fixtures/corpus/components_family_liquid.frees","true","LiquidMixer;LiquidOrifice;LiquidSink;LiquidSource;LiquidThreeWayValve"
"fixtures/corpus/components_family_mechanical.frees","true","Gear;Inertia;MechGround;RotationalDamper;TorqueSource"
"fixtures/corpus/components_family_moistair.frees","true","AirFilter;HeatingCoil;MixingBox;MoistAirDamper"
"fixtures/corpus/components_family_pneumatic.frees","true","GasMixer;GasPipe;GasSource"
"fixtures/corpus/components_family_powertrain.frees","true","Differential;Engine;MechGround;RoadLoad;SpeedSource;TorqueSource;Transmission"
"fixtures/corpus/components_family_signal.frees","true","SigConstant;SigGain;SigMin;SigProduct;SigSaturation;SigSum"
"fixtures/corpus/components_family_twophase.frees","true","EXV;TwoPhaseExpansionValve;TwoPhaseSensor;TwoPhaseSink;TwoPhaseSourcePH"
"fixtures/corpus/components_g4_accumulator.frees","true","Accumulator"
"fixtures/corpus/components_g4_ahu.frees","true","temperature;AHU;MoistAirSink;MoistAirSource"
"fixtures/corpus/components_g4_aircoil.frees","true","AirCoil;MoistAirSink;MoistAirSource;TwoPhaseSink;TwoPhaseSource"
"fixtures/corpus/components_g4_anoderecirc.frees","true","AnodeRecirc;PneumaticAtmosphere;PneumaticSupply"
"fixtures/corpus/components_g4_atmospheresource.frees","true","AtmosphereSource;Sink"
"fixtures/corpus/components_g4_batterycellmap.frees","true","cv;BatteryCellMap;Convection;CurrentSource;Ground;ThermalSource"
"fixtures/corpus/components_g4_batteryrc.frees","true","BatteryRC;Ground;Resistor"
"fixtures/corpus/components_g4_batterythermal.frees","true","BatteryThermal;Ground;Resistor;ThermalSource"
"fixtures/corpus/components_g4_blendsensor.frees","true","BlendSensor;BlendSink;BlendSource"
"fixtures/corpus/components_g4_cam.frees","true","ss;Cam;MechGround;SpeedSource;TransDamper;TransGround"
"fixtures/corpus/components_g4_camfollower.frees","true","CamFollower;ForceSource;TransGround"
"fixtures/corpus/components_g4_catalystlightoff.frees","true","enthalpy;temperature;CatalystLightOff;Sink"
"fixtures/corpus/components_g4_celltopackthermal.frees","true","CellToPackThermal;Convection;ThermalSource"
"fixtures/corpus/components_g4_clutch.frees","true","ss;Clutch;MechGround;SpeedSource"
"fixtures/corpus/components_g4_clutchcmd.frees","true","ss;ClutchCmd;MechGround;SigConstant;SpeedSource"
"fixtures/corpus/components_g4_combustor.frees","true","Combustor"
"fixtures/corpus/components_g4_compressor.frees","true","Compressor;Sink;Source"
"fixtures/corpus/components_g4_compressormap.frees","true","CompressorMap;Sink;Source"
"fixtures/corpus/components_g4_contactresistance.frees","true","ContactResistance;ThermalSource"
"fixtures/corpus/components_g4_coolingtower.frees","true","CoolingTower;LiquidSink;LiquidSource;SigConstant"
"fixtures/corpus/components_g4_diffuser.frees","true","Diffuser;MoistAirSink;MoistAirSource"
"fixtures/corpus/components_g4_diode.frees","true","Diode;Ground;Resistor;VoltageSource"
"fixtures/corpus/components_g4_duct.frees","true","Duct"
"fixtures/corpus/components_g4_ejectormomentum.frees","true","EjectorMomentum;TwoPhaseSink;TwoPhaseSourcePH"
"fixtures/corpus/components_g4_electrolyzerthermal.frees","true","ElectrolyzerThermal;Ground;LiquidSink;LiquidSource;VoltageSource"
"fixtures/corpus/components_g4_endstop.frees","true","EndStop;ForceSource;TransGround"
"fixtures/corpus/components_g4_enthalpywheel.frees","true","EnthalpyWheel;MoistAirSink;MoistAirSource"
"fixtures/corpus/components_g4_evaporativecooler.frees","true","temperature;EvaporativeCooler;MoistAirSink;MoistAirSource"
"fixtures/corpus/components_g4_exhaustpipethermal.frees","true","enthalpy;temperature;ExhaustPipeThermal;Pipe;Sink;ThermalSource"
"fixtures/corpus/components_g4_expansionvalve.frees","true","ExpansionValve"
"fixtures/corpus/components_g4_fan.frees","true","Fan;Sink;Source"
"fixtures/corpus/components_g4_fancurve.frees","true","FanCurve"
"fixtures/corpus/components_g4_fanmap.frees","true","FanMap"
"fixtures/corpus/components_g4_fewcellcondenser.frees","true","FewCellCondenser;ThermalSource;TwoPhasePressureSink;TwoPhasePressureSource"
"fixtures/corpus/components_g4_fewcellevaporator.frees","true","FewCellEvaporator;ThermalSource;TwoPhasePressureSink;TwoPhasePressureSource"
"fixtures/corpus/components_g4_friction.frees","true","ss;Friction;MechGround;SpeedSource"
"fixtures/corpus/components_g4_fuelcellstackcooled.frees","true","FuelCellStackCooled;Ground;LiquidSink;LiquidSource;VoltageSource"
"fixtures/corpus/components_g4_gascooler.frees","true","enthalpy;temperature;GasCooler;ThermalSource;TwoPhaseSink;TwoPhaseSourcePH"
"fixtures/corpus/components_g4_gradeprofile.frees","true","odevalue;finalvalue;GradeProfile"
"fixtures/corpus/components_g4_gravitydrain.frees","true","GravityDrain"
"fixtures/corpus/components_g4_heatedduct.frees","true","HeatedDuct;Sink;Source;ThermalSource"
"fixtures/corpus/components_g4_heatercore.frees","true","temperature;HeaterCore;LiquidSink;LiquidSource;MoistAirSink;MoistAirSource"
"fixtures/corpus/components_g4_heatexchanger.frees","true","HeatExchanger;Sink;Source"
"fixtures/corpus/components_g4_hydraulicaccumulator.frees","true","HydraulicAccumulator;HydraulicSupply"
"fixtures/corpus/components_g4_hydrauliccylinder.frees","true","HydraulicCylinder;HydraulicSupply;TransDamper;TransGround"
"fixtures/corpus/components_g4_hydraulicdoubleactingcylinder.frees","true","HydraulicDoubleActingCylinder;HydraulicSupply;TransDamper;TransGround"
"fixtures/corpus/components_g4_hydraulicpilotcheckvalve.frees","true","HydraulicPilotCheckValve"
"fixtures/corpus/components_g4_hydraulicthermalvolume.frees","true","HydraulicOrifice;HydraulicTank;HydraulicThermalVolume;ThermalSource"
"fixtures/corpus/components_g4_hydraulicvalvecmd.frees","true","HydraulicSupply;HydraulicTank;HydraulicValveCmd;SigConstant"
"fixtures/corpus/components_g4_hydraulicvolume.frees","true","HydraulicOrifice;HydraulicSupply;HydraulicTank;HydraulicVolume"
"fixtures/corpus/components_g4_icestoragebrine.frees","true","IceStorageBrine;LiquidSink;LiquidSource"
"fixtures/corpus/components_g4_inductor.frees","true","Ground;Inductor;Resistor;VoltageSource"
"fixtures/corpus/components_g4_infiltration.frees","true","enthalpy;Infiltration"
"fixtures/corpus/components_g4_liquidexpansiontank.frees","true","LiquidColdPlate;LiquidExpansionTank;LiquidSink"
"fixtures/corpus/components_g4_liquidpipe.frees","true","LiquidPipe;LiquidSink;LiquidSource"
"fixtures/corpus/components_g4_liquidtank.frees","true","LiquidSink;LiquidSource;LiquidTank;ThermalSource"
"fixtures/corpus/components_g4_liquidvolume.frees","true","LiquidSink;LiquidSource;LiquidVolume"
"fixtures/corpus/components_g4_loadsensingpump.frees","true","HydraulicOrifice;HydraulicSupply;HydraulicTank;LoadSensingPump"
"fixtures/corpus/components_g4_membranehumidifier.frees","true","MembraneHumidifier;MoistAirSink;MoistAirSource"
"fixtures/corpus/components_g4_moistairduct.frees","true","MoistAirDuct;MoistAirSink;MoistAirSource"
"fixtures/corpus/components_g4_moistairfan.frees","true","Fan;MoistAirFan;MoistAirSink;MoistAirSource"
"fixtures/corpus/components_g4_moistairwallhx.frees","true","MoistAirSink;MoistAirSource;MoistAirWallHX;ThermalSource"
"fixtures/corpus/components_g4_movingboundarycondenser.frees","true","MovingBoundaryCondenser;ThermalSource;TwoPhaseSink;TwoPhaseSourcePH"
"fixtures/corpus/components_g4_multizonewall.frees","true","MultiZoneWall;ThermalSource"
"fixtures/corpus/components_g4_nozzle.frees","true","Nozzle"
"fixtures/corpus/components_g4_opentank.frees","true","LiquidSink;OpenTank"
"fixtures/corpus/components_g4_pcmmass.frees","true","odevalue;finalvalue;HeatSource;PCMMass"
"fixtures/corpus/components_g4_planetary.frees","true","MechGround;Planetary;RotationalDamper;SpeedSource"
"fixtures/corpus/components_g4_pmsm.frees","true","Ground;MechGround;PMSM;RotationalDamper;VoltageSource"
"fixtures/corpus/components_g4_pneumaticactuator.frees","true","PneumaticActuator;PneumaticSupply;TransDamper;TransGround"
"fixtures/corpus/components_g4_pneumaticcheckvalve.frees","true","PneumaticAtmosphere;PneumaticCheckValve;PneumaticSupply"
"fixtures/corpus/components_g4_pneumaticdoubleactingcylinder.frees","true","PneumaticDoubleActingCylinder;PneumaticSupply;TransDamper;TransGround"
"fixtures/corpus/components_g4_pneumaticservovalvecmd.frees","true","PneumaticAtmosphere;PneumaticServoValveCmd;PneumaticSupply;SigConstant"
"fixtures/corpus/components_g4_pneumaticthermalvolume.frees","true","odevalue;finalvalue;Convection;PneumaticOrifice;PneumaticSupply;PneumaticThermalVolume;ThermalSource"
"fixtures/corpus/components_g4_pneumaticvalve32.frees","true","PneumaticAtmosphere;PneumaticSupply;PneumaticValve32;SigConstant"
"fixtures/corpus/components_g4_pneumaticvalve52.frees","true","PneumaticAtmosphere;PneumaticSupply;PneumaticValve52;SigConstant"
"fixtures/corpus/components_g4_propeller.frees","true","Propeller"
"fixtures/corpus/components_g4_pumpmap.frees","true","PumpMap"
"fixtures/corpus/components_g4_quartercar.frees","true","sin;odevalue;finalvalue;QuarterCar"
"fixtures/corpus/components_g4_radiation.frees","true","Radiation;ThermalSource"
"fixtures/corpus/components_g4_radiator.frees","true","temperature;LiquidSink;LiquidSource;MoistAirSink;MoistAirSource;Radiator"
"fixtures/corpus/components_g4_regenerator.frees","true","Regenerator;Sink;Source"
"fixtures/corpus/components_g4_rotationalspring.frees","true","MechGround;RotationalSpring;TorqueSource"
"fixtures/corpus/components_g4_servovalvedynamic.frees","true","HydraulicSupply;HydraulicTank;ServoValveDynamic;SigConstant"
"fixtures/corpus/components_g4_sigderivative.frees","true","SigConstant;SigDerivative"
"fixtures/corpus/components_g4_sigfirstorder.frees","true","SigConstant;SigFirstOrder"
"fixtures/corpus/components_g4_sigintegrator.frees","true","SigConstant;SigIntegrator"
"fixtures/corpus/components_g4_sigleadlag.frees","true","SigConstant;SigLeadLag"
"fixtures/corpus/components_g4_sigpulse.frees","true","SigPulse"
"fixtures/corpus/components_g4_sigramp.frees","true","SigRamp"
"fixtures/corpus/components_g4_sigratelimiter.frees","true","SigConstant;SigRateLimiter"
"fixtures/corpus/components_g4_sigsecondorder.frees","true","SigConstant;SigSecondOrder"
"fixtures/corpus/components_g4_sigsine.frees","true","SigSine"
"fixtures/corpus/components_g4_sigspeedprobe.frees","true","ss;MechGround;SigSpeedProbe;SpeedSource"
"fixtures/corpus/components_g4_sigstep.frees","true","SigStep"
"fixtures/corpus/components_g4_sigtable.frees","true","SigTable"
"fixtures/corpus/components_g4_sigtime.frees","true","SigTime"
"fixtures/corpus/components_g4_sigvelprobe.frees","true","ForceSource;SigVelProbe;TransDamper;TransGround"
"fixtures/corpus/components_g4_steamreliefvalve.frees","true","SteamReliefValve;TwoPhasePressureSink;TwoPhasePressureSource"
"fixtures/corpus/components_g4_suctionaccumulator.frees","true","SuctionAccumulator;TwoPhaseSink;TwoPhaseSource"
"fixtures/corpus/components_g4_supercapacitor.frees","true","Ground;Supercapacitor;VoltageSource"
"fixtures/corpus/components_g4_thermalstoragetank.frees","true","LiquidSink;LiquidSource;ThermalStorageTank"
"fixtures/corpus/components_g4_threezonehx.frees","true","temperature;Sink;Source;ThreeZoneHX"
"fixtures/corpus/components_g4_torsionalbacklash.frees","true","MechGround;TorqueSource;TorsionalBacklash"
"fixtures/corpus/components_g4_transcriticalbackpressurevalve.frees","true","SigConstant;TranscriticalBackPressureValve;TwoPhasePressureSink;TwoPhasePressureSource"
"fixtures/corpus/components_g4_transmass.frees","true","ForceSource;TransDamper;TransGround;TransMass"
"fixtures/corpus/components_g4_transspring.frees","true","ForceSource;TransGround;TransSpring"
"fixtures/corpus/components_g4_turbocharger.frees","true","Turbocharger"
"fixtures/corpus/components_g4_twophasecap.frees","true","TwoPhaseCap;TwoPhasePressureSource"
"fixtures/corpus/components_g4_twophasechamber.frees","true","ThermalSource;TwoPhaseChamber;TwoPhaseSink;TwoPhaseSourcePH"
"fixtures/corpus/components_g4_twophasecondenser.frees","true","TwoPhaseCondenser;TwoPhaseSink;TwoPhaseSourcePH"
"fixtures/corpus/components_g4_twophasecondenserua.frees","true","TwoPhaseCondenserUA;TwoPhaseEnthalpySource;TwoPhaseSink"
"fixtures/corpus/components_g4_twophaseenthalpysource.frees","true","TwoPhaseEnthalpySource;TwoPhasePressureSink;TwoPhaseSensor"
"fixtures/corpus/components_g4_twophaseevaporator.frees","true","TwoPhaseEvaporator;TwoPhaseSink;TwoPhaseSourcePH"
"fixtures/corpus/components_g4_twophaseflowres.frees","true","TwoPhaseFlowRes;TwoPhaseSink;TwoPhaseSource"
"fixtures/corpus/components_g4_twophaseinternalhx.frees","true","TwoPhaseInternalHX;TwoPhaseSink;TwoPhaseSourcePH"
"fixtures/corpus/components_g4_twophaseinventory.frees","true","inv;TwoPhaseInventory;TwoPhaseSink;TwoPhaseSource"
"fixtures/corpus/components_g4_twophasepipe.frees","true","Pipe;Sink;TwoPhasePipe"
"fixtures/corpus/components_g4_twophasereceiver.frees","true","TwoPhaseReceiver;TwoPhaseSink;TwoPhaseSource"
"fixtures/corpus/components_g4_twophasevolume.frees","true","TwoPhaseSink;TwoPhaseSource;TwoPhaseVolume"
"fixtures/corpus/components_g4_twozonehx.frees","true","Sink;Source;TwoZoneHX"
"fixtures/corpus/components_g4_txv.frees","true","ThermalSource;TwoPhasePressureSink;TwoPhasePressureSource;TXV"
"fixtures/corpus/components_g4_txvsuperheat.frees","true","ThermalSource;TwoPhasePressureSink;TwoPhasePressureSource;TXVSuperheat"
"fixtures/corpus/components_g4_vacuumejector.frees","true","PneumaticAtmosphere;PneumaticSupply;VacuumEjector"
"fixtures/corpus/components_g4_vavbox.frees","true","enthalpy;VAVBox"
"fixtures/corpus/components_g4_vehiclebody.frees","true","VehicleBody"
"fixtures/corpus/components_g4_wallrc.frees","true","Convection;ThermalSource;WallRC"
"fixtures/corpus/components_g4_wheelbrakethermal.frees","true","ss;MechGround;SigConstant;SpeedSource;WheelBrakeThermal"
"fixtures/corpus/components_g4_zoneco2.frees","true","SigConstant;ZoneCO2"
"fixtures/corpus/components_i_cabinzone_dynamic.frees","true","odevalue;finalvalue;CabinZone;Convection;MoistAirSink;MoistAirSource;ThermalSource"
"fixtures/corpus/components_signal_harness_smoke.frees","true",""
"fixtures/corpus/components_signal_lookup_maps.frees","true","SigConstant;SigMap;SigMap2"
"fixtures/corpus/components_signal_math_blocks.frees","true","SigAbs;SigBias;SigConstant;SigDeadband;SigDiff;SigDivide;SigGain;SigMax;SigMin;SigProduct;SigSaturation;SigSum"
"fixtures/corpus/components_signal_switch_relay.frees","true","r2;SigConstant;SigRelay;SigSwitch"
"fixtures/corpus/components_user_defined_type.frees","true",""
"fixtures/corpus/components_wave10_counterbalance.frees","true","CounterbalanceValve"
"fixtures/corpus/components_wave10_species_chain.frees","true","CombustorSpecies;GasMixerN"
"fixtures/corpus/components_wave2_capillary_tube.frees","true","enthalpy;temperature;CapillaryTube;TwoPhasePressureSink"
"fixtures/corpus/components_wave2_ejector_oilsep.frees","true","enthalpy;OilSeparator;TwoPhaseEjector;TwoPhaseSink;TwoPhaseSourcePH"
"fixtures/corpus/components_wave2_flash_tank.frees","true","FlashTank;TwoPhaseSink;TwoPhaseSource"
"fixtures/corpus/components_wave2_liquid_tms.frees","true","sqrt;enthalpy;LiquidCheckValve;LiquidPumpMap;LiquidSink;LiquidSource;LiquidThermostat;LiquidThreeWayValve"
"fixtures/corpus/components_wave2_reversing_valve.frees","true","ReversingValve;TwoPhaseSink;TwoPhaseSourcePH"
"fixtures/corpus/components_wave2_short_tube_choke.frees","true","sqrt;density;enthalpy;temperature;TwoPhasePressureSink;TwoPhaseShortTube"
"fixtures/corpus/components_wave3_aux_electrical.frees","true","Battery;ChargerCCCV;CurrentSource;Electrolyzer;Ground;HarnessResistance;Resistor;SigConstant;SolarArray;ThermalFuse;ThermalSource"
"fixtures/corpus/components_wave3_motor_inverter_dcdc.frees","true","inv;DCDCConverter;Ground;InverterLoss;MechGround;MotorMap;Resistor;SigConstant;SpeedSource;ThermalSource;VoltageSource"
"fixtures/corpus/components_wave4_kinematic_pairs.frees","true","BeltDrive;Brake;Lever;MechGround;RackPinion;RotationalDamper;ScrewDrive;SigConstant;SpeedSource;TorqueSource;TransDamper;TransGround"
"fixtures/corpus/components_wave4_torque_converter_diff.frees","true","Differential;MechGround;RotationalDamper;SpeedSource;TorqueConverter"
"fixtures/corpus/components_wave5_hydraulic_motor.frees","true","HydraulicMotor;HydraulicSupply;HydraulicTank;MechGround;SpeedSource"
"fixtures/corpus/components_wave5_hydraulic_valves.frees","true","sqrt;friction_factor;reynolds;HydraulicCheckValve;HydraulicFlowControl;HydraulicFlowDivider;HydraulicPipe;HydraulicResistance;HydraulicSequenceValve;HydraulicSupply;HydraulicTank"
"fixtures/corpus/components_wave6_radiation_peltier.frees","true","CurrentSource;Ground;HeatPipe;PeltierTEC;RadiationTwoSurface;ThermalSource;ThermalSwitch"
"fixtures/corpus/components_wave7_auto_transmission.frees","true","AutomaticTransmission;Gear;MechGround;SigConstant;SpeedSource"
"fixtures/corpus/components_wave7_freewheel.frees","true","Freewheel;MechGround;SpeedSource"
"fixtures/corpus/components_wave7_gearbox_mvem.frees","true","GearboxScheduled;MeanValueEngine;MechGround;SigConstant;SpeedSource;TorqueSource"
"fixtures/corpus/components_wave7_hybrid_ecms.frees","true","Ground;HybridPowerSplit;MechGround;SigConstant;SpeedSource;SupervisoryECMS;ThermalSource;VoltageSource"
"fixtures/corpus/components_wave7_tire_pacejka.frees","true","DriveCycleSource;MechGround;SpeedSource;TireLongitudinal;TirePacejka"
"fixtures/corpus/components_wave8_hydro_turbine.frees","true","HydroTurbine;LiquidSink;LiquidSource;MechGround;SpeedSource"
"fixtures/corpus/components_wave8_pv_mppt.frees","true","Ground;MPPTBlock;PVSingleDiode;SigConstant;VoltageSource"
"fixtures/corpus/components_wave8_windrotor.frees","true","MechGround;SigConstant;SpeedSource;WindRotor"
"fixtures/corpus/compressible-flow-wired-through-solver-and-inverted-by-newton.frees","true","p0_p"
"fixtures/corpus/compressible-isentropic.frees","true","t0_t;p0_p;rho0_rho;a_astar;mach_a_astar"
"fixtures/corpus/compressible-normal-shock.frees","true","m2_shock;p2_p1_shock;t2_t1_shock;rho2_rho1_shock;p02_p01_shock"
"fixtures/corpus/compressible-oblique-expansion.frees","true","sin;m2_shock;prandtlmeyer;mach_prandtlmeyer;machangle;theta_oblique;beta_oblique"
"fixtures/corpus/compressible-rayleigh-fanno.frees","true","rayleigh_t0_t0star;rayleigh_t_tstar;rayleigh_p_pstar;rayleigh_p0_p0star;fanno_t_tstar;fanno_p_pstar;fanno_p0_p0star;fanno_fld"
"fixtures/corpus/compressible_area_ratio_below_one_rejected.frees","true","mach_a_astar"
"fixtures/corpus/compressible_area_ratio_beyond_bracket_rejected.frees","true","mach_a_astar"
"fixtures/corpus/compressible_k_below_one_rejected.frees","true","t0_t"
"fixtures/corpus/compressible_oblique_detached_rejected.frees","true","beta_oblique"
"fixtures/corpus/compressible_prandtl_meyer_beyond_bracket_rejected.frees","true","mach_prandtlmeyer"
"fixtures/corpus/compressible_zero_mach_rejected.frees","true","t0_t"
"fixtures/corpus/constants.frees","true",""
"fixtures/corpus/control-analysis-report.frees","true","step;bode;nyquist;margin;pole;zero"
"fixtures/corpus/control-system-conversions-round-trip-tf2ss-and-ss2tf.frees","true","tf2ss;ss2tf"
"fixtures/corpus/control-system-conversions-tf2zp-converts-correctly.frees","true","tf2zp"
"fixtures/corpus/control-system-conversions-zp2tf-converts-correctly.frees","true","zp2tf"
"fixtures/corpus/control-system-interconnection-car-cruise-control-example-system.frees","true","ss2tf;series;feedback"
"fixtures/corpus/control-system-interconnection-feedback-connection-default-negative.frees","true","feedback"
"fixtures/corpus/control-system-interconnection-feedback-connection-negative.frees","true","feedback"
"fixtures/corpus/control-system-interconnection-feedback-connection-positive.frees","true","feedback"
"fixtures/corpus/control-system-interconnection-parallel-connection-of-two-systems.frees","true","parallel"
"fixtures/corpus/control-system-interconnection-series-connection-of-two-systems.frees","true","series"
"fixtures/corpus/controller-design-lqr-pid.frees","true","lqr;pidtune;pole"
"fixtures/corpus/convective-correlations.frees","true","nu_dittus_boelter;nu_gnielinski;chen_f;chen_s;nu_shah;nu_cavallini_zecchin;zone_ramp"
"fixtures/corpus/cooker-faithful-reproduces-reference-with-electrical-heater.frees","true","BoilingVessel;Convection;Ground;HeatingResistor;ProportionalReliefValve;ThermalMass;TwoPhasePressureSink;VoltageSource"
"fixtures/corpus/cruise-control.frees","true","ss2tf;series;feedback;bode;nyquist;margin;pole;zero"
"fixtures/corpus/ctl-c2d_d2c.frees","true","c2d;d2c;pade"
"fixtures/corpus/ctl-ctrb_obsv_rank.frees","true","rank;ctrb;obsv;gram"
"fixtures/corpus/ctl-interconnect.frees","true","series;parallel;feedback"
"fixtures/corpus/ctl-lqe_pidtune.frees","true","lqe;pidtune"
"fixtures/corpus/ctl-lqr-marginal_uncontrollable.frees","true","lqr"
"fixtures/corpus/ctl-lqr-stabilisable_stable_uncontrollable.frees","true","lqr"
"fixtures/corpus/ctl-lqr-stabilisable_two_stable.frees","true","lqr"
"fixtures/corpus/ctl-lqr_3state.frees","true","lqr;pole"
"fixtures/corpus/ctl-lqr_dblint.frees","true","lqr;pole"
"fixtures/corpus/ctl-lqr_mimo.frees","true","lqr"
"fixtures/corpus/ctl-lyap_dare.frees","true","dlqr;dare;lyap;dlyap"
"fixtures/corpus/ctl-mason_graph.frees","true","mason"
"fixtures/corpus/ctl-pade_delay.frees","true","pade"
"fixtures/corpus/ctl-place_acker.frees","true","place;acker;pole"
"fixtures/corpus/ctl-residue_routh_rlocus.frees","true","rlocus;routh;errorconst;residue"
"fixtures/corpus/ctl-response_analysis.frees","true","step;impulse;lsim;bode;nyquist;nichols;margin;stepinfo"
"fixtures/corpus/ctl-ss2ss_ij.frees","true","ss2ss"
"fixtures/corpus/ctl-tf_roundtrip_proper.frees","true","tf2ss;ss2tf"
"fixtures/corpus/ctl-zp_roundtrip.frees","true","zp2tf;tf2zp"
"fixtures/corpus/ctldesign-acker-double-integrator.frees","true","acker"
"fixtures/corpus/ctldesign-balreal-invariants-integration.frees","true","gram;balreal"
"fixtures/corpus/ctldesign-bare-matrix-names-into-control-calls-resolve-shapes-2.frees","true","lqe;gram;balreal"
"fixtures/corpus/ctldesign-bare-matrix-names-into-control-calls-resolve-shapes.frees","true","lqe;gram;balreal"
"fixtures/corpus/ctldesign-dare-dlqr-scalar-integration.frees","true","dlqr;dare"
"fixtures/corpus/ctldesign-dlyap-diagonal-integration.frees","true","dlyap"
"fixtures/corpus/ctldesign-gram-controllability-integration.frees","true","gram"
"fixtures/corpus/ctldesign-improper-transfer-function-still-rejected.frees","true","pole"
"fixtures/corpus/ctldesign-lqe-scalar-integration.frees","true","lqe"
"fixtures/corpus/ctldesign-lqr-double-integrator.frees","true","lqr"
"fixtures/corpus/ctldesign-lyap-diagonal-integration.frees","true","lyap"
"fixtures/corpus/ctldesign-pidtune-pid-design.frees","true","pidtune"
"fixtures/corpus/ctldesign-place-double-integrator.frees","true","place"
"fixtures/corpus/ctldesign-rank-ctrb-obsv-integration.frees","true","rank;ctrb;obsv"
"fixtures/corpus/ctldesign-rlocus-integration.frees","true","rlocus"
"fixtures/corpus/ctldesign-ss-connections-integration.frees","true","series;parallel;feedback"
"fixtures/corpus/ctldesign-ss2ss-integration.frees","true","ss2ss"
"fixtures/corpus/ctldesign-step-info-and-pade-integration.frees","true","step;stepinfo;pade"
"fixtures/corpus/ctldesign-step-response-uses-default-time-grid-when-time-omitted.frees","true","step"
"fixtures/corpus/ctldesign-strictly-proper-transfer-function-numerator-is-zero-padded-2.frees","true","zero"
"fixtures/corpus/ctldesign-strictly-proper-transfer-function-numerator-is-zero-padded.frees","true","pole"
"fixtures/corpus/ctlfreq-bode-tf-calculates-correctly.frees","true","bode"
"fixtures/corpus/ctlfreq-c2d-tustin-discretizes-integrator.frees","true","c2d"
"fixtures/corpus/ctlfreq-c2d-zoh-discretizes-first-order-plant.frees","true","c2d"
"fixtures/corpus/ctlfreq-error-constants-for-type0-open-loop.frees","true","errorconst"
"fixtures/corpus/ctlfreq-margin-tf-calculates-correctly.frees","true","margin"
"fixtures/corpus/ctlfreq-mason-signal-flow-graph.frees","true","mason"
"fixtures/corpus/ctlfreq-nichols-matches-bode-data.frees","true","nichols"
"fixtures/corpus/ctlfreq-nyquist-tf-calculates-correctly.frees","true","nyquist"
"fixtures/corpus/ctlfreq-pole-ss-calculates-correctly.frees","true","pole"
"fixtures/corpus/ctlfreq-pole-tf-calculates-correctly.frees","true","pole"
"fixtures/corpus/ctlfreq-residue-computes-inverse-laplace-residues.frees","true","residue"
"fixtures/corpus/ctlfreq-residue-repeated-poles-with-order-output.frees","true","residue"
"fixtures/corpus/ctlfreq-residue-simple-form-rejects-repeated-poles.frees","true","residue"
"fixtures/corpus/ctlfreq-routh-counts-unstable-right-half-plane-poles.frees","true","routh"
"fixtures/corpus/ctlfreq-routh-reports-stable-system.frees","true","routh"
"fixtures/corpus/ctlfreq-zero-ss-calculates-correctly.frees","true","zero"
"fixtures/corpus/ctlfreq-zero-tf-calculates-correctly.frees","true","zero"
"fixtures/corpus/ctltime-first-order-impulse-response.frees","true","impulse"
"fixtures/corpus/ctltime-first-order-step-response.frees","true","step"
"fixtures/corpus/ctltime-lsim-constant-input-matches-step.frees","true","lsim"
"fixtures/corpus/ctltime-lsim-ramp-input-on-first-order-system.frees","true","lsim"
"fixtures/corpus/ctltime-pure-gain-step-is-constant.frees","true","step"
"fixtures/corpus/ctltime-second-order-step-overshoot.frees","true","step"
"fixtures/corpus/ctltime-state-space-step-matches-transfer-function.frees","true","step"
"fixtures/corpus/cubic-eos-properties.frees","true","eos_z;eos_volume;eos_density;eos_enthalpy;eos_psat"
"fixtures/corpus/cubic-eos-wired-through-solver.frees","true","eos_z;eos_density;eos_psat"
"fixtures/corpus/curvefn-adjusts-outof-range-guesses-to-range-average-2.frees","true",""
"fixtures/corpus/curvefn-adjusts-outof-range-guesses-to-range-average.frees","true",""
"fixtures/corpus/curvefn-check-accepts-curve-function-calls.frees","true",""
"fixtures/corpus/curvefn-clamps-outside-the-tabulated-range-2.frees","true",""
"fixtures/corpus/curvefn-clamps-outside-the-tabulated-range.frees","true",""
"fixtures/corpus/curvefn-curve-functions-work-inside-larger-systems.frees","true",""
"fixtures/corpus/curvefn-family-parameter-clamps-to-outer-curves-2.frees","true",""
"fixtures/corpus/curvefn-family-parameter-clamps-to-outer-curves.frees","true",""
"fixtures/corpus/curvefn-interpolates-across-the-curve-family-parameter.frees","true",""
"fixtures/corpus/curvefn-interpolates-single-curve-linearly.frees","true",""
"fixtures/corpus/curvefn-log-axes-interpolate-as-power-laws.frees","true",""
"fixtures/corpus/curvefn-solves-inverse-problem-through-newton.frees","true",""
"fixtures/corpus/cx_real_imag_of_expression.frees","true","sqrt;arctan"
"fixtures/corpus/cycle-examples-engine-cycle-solves.frees","true","sin;cos;sqrt;wiebe_rate;odevalue;maxvalue;Engine"
"fixtures/corpus/cycle-examples-flame-temperature-solves.frees","true","adiabaticflametemp"
"fixtures/corpus/cycle-examples-heat-exchanger-solves.frees","true","min;max;hx_effectiveness;lmtd"
"fixtures/corpus/cycle-path-component-component-rankine-streams-produce-a-cycle-path.frees","true","enthalpy;Boiler;Condenser;Pump;Turbine"
"fixtures/corpus/cycle-path-resolver-back-fills-the-properties-of-a-numbered-state.frees","true",""
"fixtures/corpus/cycle-path-resolver-passes-through-when-no-state-pair-is-complete.frees","true",""
"fixtures/corpus/cycle-path-resolver-state-table-blocks-resolve-tagged-states-with-their-own-fluid.frees","true",""
"fixtures/corpus/cycle-path-resolver-underscore-style-states-keep-their-naming-in-write-back.frees","true",""
"fixtures/corpus/damped-oscillator-ode.frees","true","odevalue;finalvalue"
"fixtures/corpus/damped-oscillator.frees","true","sin;cos;exp;sqrt"
"fixtures/corpus/dc-circuit.frees","true",""
"fixtures/corpus/default-boot-document.frees","true",""
"fixtures/corpus/digital-control-c2d.frees","true","c2d"
"fixtures/corpus/docs_advanced_solving_01.frees","true","integral"
"fixtures/corpus/docs_advanced_solving_02.frees","true","sqrt;integral"
"fixtures/corpus/docs_advanced_solving_04.frees","true","odevalue;finalvalue"
"fixtures/corpus/docs_components_01.frees","true","Pipe;Sink;Source"
"fixtures/corpus/docs_components_04.frees","true","Pipe;Sink;Source"
"fixtures/corpus/docs_components_05.frees","true",""
"fixtures/corpus/docs_components_08.frees","true","temperature;Sink;Source"
"fixtures/corpus/docs_fluids_materials_02.frees","true","k_"
"fixtures/corpus/docs_fluids_materials_03.frees","true",""
"fixtures/corpus/docs_fluids_materials_04.frees","true",""
"fixtures/corpus/docs_fluids_materials_05.frees","true","viewfactor_perp;viewfactor_disks"
"fixtures/corpus/docs_fluids_materials_06.frees","true","heisler_temp;heisler_q"
"fixtures/corpus/docs_fluids_materials_07.frees","true","enthalpy;dewpoint;humrat;wetbulb"
"fixtures/corpus/docs_getting_started_01.frees","true",""
"fixtures/corpus/docs_getting_started_03.frees","true",""
"fixtures/corpus/docs_language_fundamentals_02.frees","true","sin"
"fixtures/corpus/docs_language_fundamentals_03.frees","true","atan2"
"fixtures/corpus/docs_language_fundamentals_04.frees","true","floor;round;step"
"fixtures/corpus/docs_language_fundamentals_05.frees","true","sum;if"
"fixtures/corpus/docs_language_fundamentals_06.frees","true","probability"
"fixtures/corpus/docs_language_fundamentals_07.frees","true","log10;sqrt"
"fixtures/corpus/docs_language_fundamentals_08.frees","true","uncertaintyof"
"fixtures/corpus/docs_language_fundamentals_09.frees","true",""
"fixtures/corpus/docs_language_fundamentals_12.frees","true",""
"fixtures/corpus/docs_language_fundamentals_13.frees","true",""
"fixtures/corpus/docs_matrix_algebra_01.frees","true",""
"fixtures/corpus/docs_matrix_algebra_02.frees","true","eye;linspace"
"fixtures/corpus/docs_matrix_algebra_03.frees","true",""
"fixtures/corpus/docs_matrix_algebra_04.frees","true","axpy"
"fixtures/corpus/docs_matrix_algebra_05.frees","true","SolveLinear"
"fixtures/corpus/docs_programming_logic_01.frees","true",""
"fixtures/corpus/docs_programming_logic_02.frees","true","mod;trunc"
"fixtures/corpus/docs_programming_logic_04.frees","true",""
"fixtures/corpus/docs_programming_logic_05.frees","true",""
"fixtures/corpus/docs_programming_logic_06.frees","true","interpolate2d"
"fixtures/corpus/docs_symbolic_cas_05.frees","true","tf"
"fixtures/corpus/docs_tutorials_01.frees","true","sqrt"
"fixtures/corpus/docs_tutorials_03.frees","true","odevalue;finalvalue;maxvalue;timeat"
"fixtures/corpus/docs_tutorials_05.frees","true","sqrt;bode;odevalue;finalvalue;maxvalue;timeat;linspace"
"fixtures/corpus/docs_tutorials_06.frees","true","enthalpy;dewpoint;humrat"
"fixtures/corpus/docs_tutorials_09.frees","true","enthalpy;dewpoint;humrat;AHU;CoolingCoil;MoistAirSink;MoistAirSource"
"fixtures/corpus/docs_tutorials_10.frees","true","sqrt"
"fixtures/corpus/docs_tutorials_13.frees","true","sqrt;bode;arctan;linspace"
"fixtures/corpus/docs_tutorials_14.frees","true","enthalpy;entropy"
"fixtures/corpus/domsep-fluid-cannot-connect-to-mechanical-shaft.frees","true","MechGround"
"fixtures/corpus/domsep-heat-cannot-connect-to-electrical.frees","true","Resistor;ThermalSource"
"fixtures/corpus/domsep-pneumatic-cannot-connect-to-generic-thermofluid.frees","true","PneumaticSupply"
"fixtures/corpus/domsep-pneumatic-cannot-connect-to-hydraulic.frees","true","HydraulicTank;PneumaticSupply"
"fixtures/corpus/driving-cycle-energy.frees","true","integralvalue;tableavg"
"fixtures/corpus/dual-evap-debug-check.frees","true","cond;enthalpy;entropy;Compressor;TwoPhaseMixer;TwoPhaseSink"
"fixtures/corpus/dyn_accessor_inverse.frees","true","odevalue;finalvalue"
"fixtures/corpus/dyn_accessor_read.frees","true","odevalue;finalvalue;maxvalue;minvalue;timeat;odeavg"
"fixtures/corpus/dyn_aux_column.frees","true",""
"fixtures/corpus/dyn_err_bad_column.frees","true","odevalue;finalvalue"
"fixtures/corpus/dyn_err_ic_not_state.frees","true",""
"fixtures/corpus/dyn_err_index2.frees","true",""
"fixtures/corpus/dyn_err_index2_square.frees","true",""
"fixtures/corpus/dyn_err_no_initial.frees","true",""
"fixtures/corpus/dyn_err_no_state.frees","true",""
"fixtures/corpus/dyn_err_set_not_state.frees","true",""
"fixtures/corpus/dyn_err_two_ders.frees","true",""
"fixtures/corpus/dyn_err_undefined_ref.frees","true",""
"fixtures/corpus/dyn_event_record.frees","true",""
"fixtures/corpus/dyn_event_set.frees","true",""
"fixtures/corpus/dyn_event_stop.frees","true",""
"fixtures/corpus/dyn_method_of_lines.frees","true",""
"fixtures/corpus/dyn_plain_ode.frees","true",""
"fixtures/corpus/dyn_time_alias.frees","true",""
"fixtures/corpus/dynamic-accessor-final-and-max-value-report-transient-results.frees","true","odevalue;finalvalue;maxvalue"
"fixtures/corpus/dynamic-accessor-size-initial-velocity-so-apogee-meets-target.frees","true","odevalue;maxvalue"
"fixtures/corpus/dynamic-accessor-time-at-and-ode-value-accessors.frees","true","odevalue;timeat"
"fixtures/corpus/dynamic-array-states-rod-with-ode45-also.frees","true",""
"fixtures/corpus/dynamic-array-states-transient-heat-rod-reaches-linear-steady-state.frees","true",""
"fixtures/corpus/dynamic-examples-damped-oscillator-example.frees","true","odevalue;finalvalue"
"fixtures/corpus/dynamic-examples-newton-cooling-transient-example.frees","true","odevalue;finalvalue;maxvalue;timeat"
"fixtures/corpus/dynamic-examples-sounding-rocket-reports-apogee-near100km.frees","true","exp;if;odevalue;finalvalue;maxvalue"
"fixtures/corpus/dynamic-examples-transient-heat-rod-example.frees","true","odevalue;finalvalue"
"fixtures/corpus/dynamic-ida-solve-ida-method-without-library-fails-clearly.frees","true",""
"fixtures/corpus/dynamic-ida-solve-ida-resolves-algebraic-auxiliary-as-dae-unknown.frees","true",""
"fixtures/corpus/dynamic-ida-solve-newton-cooling-on-ida-matches-analytic.frees","true",""
"fixtures/corpus/dynamic-index-detection-healthy-index-one-dae-still-solves.frees","true",""
"fixtures/corpus/dynamic-index-detection-output-equation-over-states-is-not-flagged.frees","true",""
"fixtures/corpus/dynamic-index-detection-rigid-two-inertia-coupling-is-rejected-with-named-states.frees","true",""
"fixtures/corpus/dynamic-parse-event-direction-defaults-to-any.frees","true",""
"fixtures/corpus/dynamic-parse-missing-time-span-is-rejected.frees","true",""
"fixtures/corpus/dynamic-parse-parses-array-state-initial-condition.frees","true",""
"fixtures/corpus/dynamic-parse-parses-header-options-body-initials-and-events.frees","true",""
"fixtures/corpus/dynamic-parse-unknown-option-is-rejected.frees","true",""
"fixtures/corpus/dynamic-solve-apogee-stop-event-ends-integration.frees","true",""
"fixtures/corpus/dynamic-solve-auxiliary-column-and-der-coupling.frees","true",""
"fixtures/corpus/dynamic-solve-dynamic-only-check-passes-without-analytic-equations.frees","true",""
"fixtures/corpus/dynamic-solve-dynamic-only-solve-produces-ode-table.frees","true",""
"fixtures/corpus/dynamic-solve-newton-cooling-matches-analytic-solution.frees","true",""
"fixtures/corpus/empty.frees","true",""
"fixtures/corpus/engine-cycle-wiebe.frees","true","sin;cos;sqrt;wiebe_rate;odevalue;maxvalue;Engine"
"fixtures/corpus/engine-map-2d.frees","true","interpolate2d"
"fixtures/corpus/eos-cubic-spot-probe.frees","true","eos_z;eos_volume;eos_density;eos_pressure;eos_enthalpy;eos_entropy;eos_psat"
"fixtures/corpus/eos-cubic-sweep.frees","true","eos_z;eos_volume;eos_density;eos_enthalpy;eos_entropy;eos_psat"
"fixtures/corpus/epsntu-components.frees","true","exp;enthalpy"
"fixtures/corpus/epsntu-condensing-pressure-floats-with-ambient-2.frees","true","exp;cond;enthalpy;ThermalSource;TwoPhaseEnthalpySource;TwoPhaseSink"
"fixtures/corpus/epsntu-condensing-pressure-floats-with-ambient.frees","true","exp;cond;enthalpy;ThermalSource;TwoPhaseEnthalpySource;TwoPhaseSink"
"fixtures/corpus/epsntu-evap-float.frees","true","exp;enthalpy"
"fixtures/corpus/epsntu-evaporating-pressure-floats-with-load-2.frees","true","exp;enthalpy;ThermalSource;TwoPhaseEnthalpySource;TwoPhaseSink"
"fixtures/corpus/epsntu-evaporating-pressure-floats-with-load.frees","true","exp;enthalpy;ThermalSource;TwoPhaseEnthalpySource;TwoPhaseSink"
"fixtures/corpus/eqsys-bounds-select-root-2.frees","true",""
"fixtures/corpus/eqsys-bounds-select-root.frees","true",""
"fixtures/corpus/eqsys-complex-abs-is-magnitude-2.frees","true","sqrt;abs"
"fixtures/corpus/eqsys-complex-abs-is-magnitude.frees","true","sqrt;abs"
"fixtures/corpus/eqsys-complex-literals-2.frees","true",""
"fixtures/corpus/eqsys-complex-literals.frees","true",""
"fixtures/corpus/eqsys-complex-real-and-imag-2.frees","true","real;imag"
"fixtures/corpus/eqsys-complex-real-and-imag.frees","true","real;imag"
"fixtures/corpus/eqsys-complex-solving-2.frees","true",""
"fixtures/corpus/eqsys-complex-solving.frees","true",""
"fixtures/corpus/eqsys-complex-unsupported-function-is-rejected-2.frees","true","tan"
"fixtures/corpus/eqsys-complex-unsupported-function-is-rejected.frees","true","tan"
"fixtures/corpus/eqsys-eigen-waits-for-matrix-entries-solved-elsewhere.frees","true","Eigenvalues"
"fixtures/corpus/eqsys-elementwise-left-divide.frees","true",""
"fixtures/corpus/eqsys-elementwise-multiply-and-divide-2.frees","true",""
"fixtures/corpus/eqsys-elementwise-multiply-and-divide.frees","true",""
"fixtures/corpus/eqsys-elementwise-power-and-scalar-broadcast-2.frees","true",""
"fixtures/corpus/eqsys-elementwise-power-and-scalar-broadcast-3.frees","true",""
"fixtures/corpus/eqsys-elementwise-power-and-scalar-broadcast.frees","true",""
"fixtures/corpus/eqsys-elementwise-shape-mismatch-is-clear.frees","true",""
"fixtures/corpus/eqsys-elementwise-works-with-generators.frees","true","ones"
"fixtures/corpus/eqsys-equations-may-span-comments-and-mixed-case.frees","true",""
"fixtures/corpus/eqsys-evaluates-cbrt-and-log2.frees","true","log2;cbrt"
"fixtures/corpus/eqsys-evaluates-uncertainty-of-accessor-2.frees","true","uncertaintyof"
"fixtures/corpus/eqsys-evaluates-uncertainty-of-accessor.frees","true","uncertaintyof"
"fixtures/corpus/eqsys-evaluates-uncertainty-of-from-code.frees","true","uncertaintyof"
"fixtures/corpus/eqsys-failed-solve-carries-block-diagnostics.frees","true",""
"fixtures/corpus/eqsys-guess-value-selects-root-2.frees","true",""
"fixtures/corpus/eqsys-guess-value-selects-root-3.frees","true",""
"fixtures/corpus/eqsys-guess-value-selects-root.frees","true",""
"fixtures/corpus/eqsys-loose-residual-tolerance-accepts-early.frees","true",""
"fixtures/corpus/eqsys-propagates-uncertainty-multiple-inputs-2.frees","true",""
"fixtures/corpus/eqsys-propagates-uncertainty-multiple-inputs.frees","true",""
"fixtures/corpus/eqsys-propagates-uncertainty-simple-2.frees","true",""
"fixtures/corpus/eqsys-propagates-uncertainty-simple.frees","true",""
"fixtures/corpus/eqsys-real-mode-real-and-imag.frees","true","real;imag"
"fixtures/corpus/eqsys-residuals-are-reported-per-equation.frees","true",""
"fixtures/corpus/eqsys-respects-iteration-limit-from-stop-criteria-2.frees","true",""
"fixtures/corpus/eqsys-respects-iteration-limit-from-stop-criteria.frees","true",""
"fixtures/corpus/eqsys-single-output-eigenvalues-rejects-complex-spectrum-with-hint.frees","true","Eigenvalues"
"fixtures/corpus/eqsys-solves-claude-md-reference-system.frees","true",""
"fixtures/corpus/eqsys-solves-complex-eigenvalues-via-two-output-form.frees","true","Eigenvalues"
"fixtures/corpus/eqsys-solves-duplicate-loop-system.frees","true","sum"
"fixtures/corpus/eqsys-solves-eigen-decomposition-with-vectors-and-downstream-equations.frees","true","Eigen"
"fixtures/corpus/eqsys-solves-eigenvalues-of-symmetric-matrix.frees","true","Eigenvalues"
"fixtures/corpus/eqsys-solves-implicitly-through-cbrt-and-log2-2.frees","true","log2"
"fixtures/corpus/eqsys-solves-implicitly-through-cbrt-and-log2.frees","true","cbrt"
"fixtures/corpus/eqsys-solves-matlab-inv-det-aliases.frees","true","inv;det"
"fixtures/corpus/eqsys-solves-matlab-matrix-generators.frees","true","zeros;ones;eye;diag;linspace"
"fixtures/corpus/eqsys-solves-matlab-style-bare-name-inverse-and-mat-vec-2.frees","true",""
"fixtures/corpus/eqsys-solves-matlab-style-bare-name-inverse-and-mat-vec.frees","true","Inverse"
"fixtures/corpus/eqsys-solves-matlab-style-bare-name-matrix.frees","true","SolveLinear"
"fixtures/corpus/eqsys-solves-milestone-one-system.frees","true",""
"fixtures/corpus/eqsys-solves-power-factor-correction-complex-2.frees","true","sqrt;abs;real;imag"
"fixtures/corpus/eqsys-solves-power-factor-correction-complex.frees","true","sqrt;abs;real;imag"
"fixtures/corpus/eqsys-solves-sequential-system-via-blocks.frees","true",""
"fixtures/corpus/eqsys-solves-with-complex-helpers-2.frees","true","real;imag;conj;magnitude;angle;angledeg;cis"
"fixtures/corpus/eqsys-solves-with-complex-helpers.frees","true","real;imag;conj;magnitude;angle;angledeg;cis"
"fixtures/corpus/eqsys-solves-with-conditionals-and-series.frees","true","sum;product;if"
"fixtures/corpus/eqsys-solves-with-hyperbolic-functions.frees","true","sinh;cosh;tanh;arcsinh;arccosh;arctanh"
"fixtures/corpus/eqsys-solves-with-piecewise-and-rounding.frees","true","sign;floor;ceil;round;step;trunc;factorial"
"fixtures/corpus/eqsys-two-output-eigenvalues-on-real-spectrum-has-zero-imaginary-parts.frees","true","Eigenvalues"
"fixtures/corpus/eqsys-uncertainty-contributions-carry-per-source-breakdown.frees","true","uncertaintyof"
"fixtures/corpus/eqsys-underdetermined-system-fails-with-clear-message.frees","true",""
"fixtures/corpus/eqsys-unit-on-matrix-literal-and-range-assign.frees","true",""
"fixtures/corpus/eqsys-unit-on-vector-literal-solves.frees","true",""
"fixtures/corpus/eqsys-variable-case-follows-first-appearance.frees","true",""
"fixtures/corpus/equation-parser-parses-plot-block-into-defined-plot.frees","true",""
"fixtures/corpus/equation-parser-parses-property-plot-block.frees","true",""
"fixtures/corpus/equilibrium-transport-wired-through-solver.frees","true","mix_viscosity;mix_conductivity;eq_molefraction;adiabaticflametempeq"
"fixtures/corpus/err_equilibrium_h2_flametemp.frees","true","adiabaticflametempeq"
"fixtures/corpus/err_equilibrium_h2_singular.frees","true","eq_molefraction"
"fixtures/corpus/err_hx_ntu_unbracketed.frees","true","hx_ntu"
"fixtures/corpus/err_idealgas_t_from_h_diverges.frees","true","temperature"
"fixtures/corpus/estimator-gramian-balreal.frees","true","lqe;gram;balreal"
"fixtures/corpus/ev-battery-cooling-pid.frees","true","tanh;odevalue;finalvalue;enthalpy;BatteryPack;Chiller;CurrentSource;EXV;EXVCmd;Ground;LiquidSink;LiquidSource;LiquidWallHX;SigConstant;SigPID;SigThermalProbe;TwoPhasePressureSink"
"fixtures/corpus/ev-thermal-management.frees","true","sqrt;cond;fin_efficiency;htc_1phase;htc_evap;htc_cond;ua_hx;dp_2phase;htc_extair;hx_aconv;hx_eta_surf;hx_fin_len;hx_area_direct;hx_area_indirect;LiquidMixer;LiquidOrifice;LiquidPump;LiquidSink;LiquidSource;LiquidWallHX;MassGen;Pump;ThermalSource;TwoPhaseCompressor;TwoPhaseCondenserFloat;TwoPhaseEvaporatorUA;TwoPhaseMixer;TwoPhasePressureSource;TwoPhaseSink"
"fixtures/corpus/ev-tms-api-model-integrated-model-solves-with-plain-solver.frees","true","cond;enthalpy;LiquidColdPlate;LiquidMixer;LiquidOrifice;LiquidPump;LiquidSink;LiquidSource;LiquidWallHX;MoistAirSink;MoistAirSource;MoistAirWallHX;Pump;TwoPhaseCompressor;TwoPhaseMixer;TwoPhaseSink;TwoPhaseSource"
"fixtures/corpus/ev-tms-cabin-model.frees","true","cond;enthalpy;entropy;Compressor;LiquidMixer;LiquidOrifice;LiquidPump;LiquidSink;LiquidSource;LiquidWallHX;MassGen;MoistAirSink;MoistAirSource;MoistAirWallHX;Pump;TwoPhaseMixer;TwoPhaseSink"
"fixtures/corpus/ev-tms-cabin-steady-operating-point.frees","true","cond;enthalpy;entropy;Compressor;LiquidMixer;LiquidOrifice;LiquidPump;LiquidSink;LiquidSource;LiquidWallHX;MassGen;MoistAirSink;MoistAirSource;MoistAirWallHX;Pump;TwoPhaseMixer;TwoPhaseSink"
"fixtures/corpus/ev-tms-cabin-transient-ramp.frees","true","min;cond;enthalpy;entropy;Compressor;LiquidMixer;LiquidOrifice;LiquidPump;LiquidSink;LiquidSource;LiquidWallHX;MassGen;MoistAirSink;MoistAirSource;MoistAirWallHX;Pump;TwoPhaseMixer;TwoPhaseSink"
"fixtures/corpus/ev-tms-correlated-model.frees","true","cond;htc_1phase;htc_evap;htc_cond;ua_hx;dp_2phase;htc_extair;enthalpy;entropy;temperature;Compressor;LiquidOrifice;LiquidPump;LiquidSink;LiquidSource;MassGen;Pump;ThermalSource;TwoPhaseMixer;TwoPhaseSink"
"fixtures/corpus/ev-tms-coupled-model-head.frees","true","cond;enthalpy;entropy;Compressor;LiquidOrifice;LiquidPump;LiquidSink;LiquidSource;LiquidWallHX;MassGen;Pump;ThermalSource;TwoPhaseMixer;TwoPhaseSink"
"fixtures/corpus/ev-tms-discretized-helpers.frees","true","MassGen"
"fixtures/corpus/ev-tms-discretized-ref-helpers.frees","true","enthalpy;entropy;Compressor;MassGen;TwoPhaseMixer"
"fixtures/corpus/expr_deep_nesting.frees","true",""
"fixtures/corpus/expr_operator_precedence.frees","true",""
"fixtures/corpus/flow-resistance-duct.frees","true","friction_factor;reynolds;minor_loss"
"fixtures/corpus/flow-resistance-transition.frees","true","friction_factor"
"fixtures/corpus/fluid-property-examples-example3-3-volume-and-energy-change-during-evaporation.frees","true","enthalpy;volume"
"fixtures/corpus/fluid-property-examples-example3-4-pressure-and-volume-of-saturated-mixture.frees","true","pressure;volume"
"fixtures/corpus/fluid-property-examples-example3-5-properties-of-saturated-liquid-vapor-mixture.frees","true","enthalpy;quality;temperature;volume"
"fixtures/corpus/fluid-property-examples-example3-7-temperature-of-superheated-vapor.frees","true","temperature"
"fixtures/corpus/fluid-property-examples-example3-8-approximating-compressed-liquid-as-saturated-liquid.frees","true","intenergy"
"fixtures/corpus/fn_formal_shadows_global.frees","true",""
"fixtures/corpus/fn_nested_calls.frees","true",""
"fixtures/corpus/fn_repeat_until_converges.frees","true","abs"
"fixtures/corpus/fn_shadows_intrinsic_name.frees","true","max"
"fixtures/corpus/fn_while_accumulator.frees","true",""
"fixtures/corpus/fn_wrong_arity_refused.frees","true",""
"fixtures/corpus/fn_zero_argument.frees","true",""
"fixtures/corpus/for_bounds_from_constants.frees","true",""
"fixtures/corpus/for_loop_factorial_array.frees","true","factorial"
"fixtures/corpus/for_loop_over_array.frees","true",""
"fixtures/corpus/for_nested_two_levels.frees","true",""
"fixtures/corpus/function_conditional.frees","true",""
"fixtures/corpus/function_factorial.frees","true","factorial"
"fixtures/corpus/function_in_expression.frees","true",""
"fixtures/corpus/function_repeat_until.frees","true",""
"fixtures/corpus/function_while_loop.frees","true",""
"fixtures/corpus/gas-transport-mixture.frees","true","mix_viscosity;mix_conductivity"
"fixtures/corpus/gauss_integral_point_count.frees","true","exp;gaussintegral"
"fixtures/corpus/gauss_integral_polynomial.frees","true","gaussintegral"
"fixtures/corpus/gauss_integral_trig.frees","true","sin;gaussintegral"
"fixtures/corpus/guess-directive-absent-parts-fall-back-and-clamp.frees","true",""
"fixtures/corpus/guess-directive-text-wins-over-modal-specs.frees","true",""
"fixtures/corpus/guess_directive.frees","true",""
"fixtures/corpus/guess_only_bounds.frees","true",""
"fixtures/corpus/heat-conduction.frees","true",""
"fixtures/corpus/heat-exchanger-wired-through-solver.frees","true","hx_effectiveness;lmtd"
"fixtures/corpus/heisler-charts-heisler-through-the-solver.frees","true","heisler_temp;heisler_q"
"fixtures/corpus/heisler-geometries.frees","true","heisler_temp;heisler_q"
"fixtures/corpus/heisler-transient.frees","true","heisler_temp;heisler_q"
"fixtures/corpus/heisler_unknown_geometry_rejected.frees","true","heisler_temp"
"fixtures/corpus/humid-air-enthalpy-and-volume-per-dry-air.frees","true","enthalpy;volume"
"fixtures/corpus/humid-air-relative-humidity-round-trips-through-humidity-ratio.frees","true","humrat;relhum"
"fixtures/corpus/humid-air-wet-bulb-and-dew-point.frees","true","dewpoint;wetbulb"
"fixtures/corpus/hvac-problem1-ammonia-cop.frees","true",""
"fixtures/corpus/hvac-problem10-multistage-freezing.frees","true",""
"fixtures/corpus/hvac-problem2-face-and-bypass.frees","true","enthalpy"
"fixtures/corpus/hvac-problem3-psychrometric-balancing.frees","true","enthalpy;wetbulb"
"fixtures/corpus/hvac-problem4-solar-heat-gain.frees","true",""
"fixtures/corpus/hvac-problem5-enthalpy-wheel.frees","true",""
"fixtures/corpus/hvac-problem6-run-around-cycle.frees","true",""
"fixtures/corpus/hvac-problem7-latent-heat-freezing.frees","true",""
"fixtures/corpus/hvac-problem8-pumping-and-friction.frees","true",""
"fixtures/corpus/hvac-problem9-air-supply-wet-bulb.frees","true","enthalpy;wetbulb"
"fixtures/corpus/hx-correlation-document-call-matches-java.frees","true","htc_1phase;htc_evap;ua_hx;dp_2phase"
"fixtures/corpus/hx-correlation-ua-and-dp-injected-into-component.frees","true","htc_1phase;htc_evap;ua_hx;dp_2phase;enthalpy;ThermalSource;TwoPhaseSink"
"fixtures/corpus/hx-correlations-fluid.frees","true","htc_1phase;htc_evap;htc_cond;ua_hx;dp_1phase;dp_2phase;dp_mueller_steinhagen;htc_extair;dp_2phase_avg;conductivity;cp;density;viscosity"
"fixtures/corpus/hx-correlations.frees","true","dp_compact_core;nu_zukauskas;nu_colburn;nu_churchill_chu;nu_blend;hx_dh;hx_aconv;hx_sigma;hx_eta_surf;nu_tubebank;nu_hilpert;nu_plate;hx_fin_len;hx_area_direct;hx_area_indirect;dp_gravity;mass_flux;j_fin;f_fin;nu_gungor_winterton;nu_traviss"
"fixtures/corpus/hx-effectiveness-ntu.frees","true","hx_effectiveness;hx_ntu;lmtd;fin_efficiency"
"fixtures/corpus/hx_unknown_arrangement_rejected.frees","true","hx_effectiveness"
"fixtures/corpus/hx_unreachable_effectiveness_rejected.frees","true","hx_ntu"
"fixtures/corpus/ideal-gas-adiabatic-flame-temperature-with-ideal-gas-functions.frees","true","enthalpy"
"fixtures/corpus/ideal-gas-stagnation-properties.frees","true","stagnationtemp;stagnationpres"
"fixtures/corpus/ideal-gas.frees","true",""
"fixtures/corpus/int_both_limits_variable.frees","true","integral"
"fixtures/corpus/int_default_step_accuracy.frees","true","sin;integral"
"fixtures/corpus/int_exp_over_wide_range.frees","true","exp;integral"
"fixtures/corpus/int_function_integrand.frees","true","integral"
"fixtures/corpus/int_gauss_point_count_clamped.frees","true","gaussintegral"
"fixtures/corpus/int_inside_function_body.frees","true","integral"
"fixtures/corpus/int_lower_equals_upper.frees","true","integral"
"fixtures/corpus/int_nested_integrals.frees","true","integral"
"fixtures/corpus/int_reversed_limits.frees","true","integral"
"fixtures/corpus/int_table_integrand.frees","true","integral"
"fixtures/corpus/integral-adiabatic-flame-temperature.frees","true","integral"
"fixtures/corpus/integral-free-variable-limit-is-rejected.frees","true","integral"
"fixtures/corpus/integral-integrates-polynomial-directly.frees","true","integral"
"fixtures/corpus/integral-integrates-sine.frees","true","sin;integral"
"fixtures/corpus/integral-rejects-integral-in-complex-mode-2.frees","true","integral"
"fixtures/corpus/integral-rejects-integral-in-complex-mode.frees","true","integral"
"fixtures/corpus/integral-solver-solves-initial-value-problem-with-nested-integral.frees","true","cos;integral"
"fixtures/corpus/integral-solves-initial-value-problem.frees","true","integral"
"fixtures/corpus/integral-solves-integral-nested-in-expression.frees","true","integral"
"fixtures/corpus/integral-solves-subsystem-at-every-step.frees","true","integral"
"fixtures/corpus/integral-solves-variable-upper-limit.frees","true","integral"
"fixtures/corpus/integral-supports-fixed-step-size.frees","true","integral"
"fixtures/corpus/integral-variable-limit-inlines-integrand-definitions.frees","true","integral"
"fixtures/corpus/integral_fixed_step.frees","true","integral"
"fixtures/corpus/integral_free_limit_rejected.frees","true","integral"
"fixtures/corpus/integral_initial_value_problem.frees","true","integral"
"fixtures/corpus/integral_named_integrand.frees","true","sin;integral"
"fixtures/corpus/integral_nested_in_expression.frees","true","integral"
"fixtures/corpus/integral_polynomial.frees","true","integral"
"fixtures/corpus/integral_subsystem_per_step.frees","true","integral"
"fixtures/corpus/integral_variable_upper_limit.frees","true","integral"
"fixtures/corpus/interp2-bicubic-node-exact.frees","true",""
"fixtures/corpus/interp2-bilinear-centre.frees","true",""
"fixtures/corpus/interp2-bilinear-exact-on-affine-field.frees","true",""
"fixtures/corpus/interp2-clamps-outside.frees","true",""
"fixtures/corpus/interp2_affine_exact.frees","true",""
"fixtures/corpus/interp2_bicubic_node_exact.frees","true",""
"fixtures/corpus/interp2_bilinear_centre.frees","true",""
"fixtures/corpus/interp2_clamps_outside.frees","true",""
"fixtures/corpus/intrinsics.frees","true","sin;cos;exp;ln;sqrt;abs;min;max"
"fixtures/corpus/intrinsics_edge_domains.frees","true","exp;ln;sign;round;arcsin;arccos;tanh;trunc"
"fixtures/corpus/intrinsics_min_max_varargs.frees","true","min;max"
"fixtures/corpus/inverse-laplace-residue.frees","true","residue"
"fixtures/corpus/isa-atmosphere.frees","true","isa_t;isa_p;isa_rho"
"fixtures/corpus/karman-rocket.frees","true","ln;sqrt"
"fixtures/corpus/linalg-cholesky-known-factor.frees","true","cholesky"
"fixtures/corpus/linalg-full-svd.frees","true","svd"
"fixtures/corpus/linalg-mat-exp-nilpotent.frees","true","matexp"
"fixtures/corpus/linalg-mat-exp-rotation-generator.frees","true","matexp"
"fixtures/corpus/linalg-qr-reconstructs-and-is-triangular.frees","true","qr"
"fixtures/corpus/linalg-singular-values-of-diagonal.frees","true",""
"fixtures/corpus/linalg-trace-and-frobenius-norm.frees","true","trace"
"fixtures/corpus/linearize-thermal-2x2.frees","true","Conduction;HeatSource;ThermalMass;ThermalSource"
"fixtures/corpus/linearize-thermal-siso.frees","true","Conduction;HeatSource;ThermalMass;ThermalSource"
"fixtures/corpus/liquid-domain-battery-cold-plate-coolant-loop-solves.frees","true","cp;LiquidColdPlate;LiquidSink;LiquidSource"
"fixtures/corpus/liquid-domain-liquid-line-cannot-connect-to-hydraulic-line.frees","true","HydraulicOrifice;LiquidPipe"
"fixtures/corpus/liquid-domain-liquid-line-cannot-connect-to-thermofluid-line.frees","true","LiquidPipe;Pipe"
"fixtures/corpus/liquid-domain-liquid-pump-raises-pressure-with-small-liquid-work.frees","true","LiquidPump;LiquidSink;LiquidSource"
"fixtures/corpus/lm-fallback-badly-scaled-product-exponential-pair.frees","true","exp"
"fixtures/corpus/lm-fallback-exponential-cliff.frees","true","exp"
"fixtures/corpus/lm-fallback-near-degenerate-product.frees","true",""
"fixtures/corpus/lm-fallback-trig-hyperbolic-coupling.frees","true","sin;cosh"
"fixtures/corpus/material-conduction.frees","true","k_"
"fixtures/corpus/matrix_generators.frees","true","zeros;ones;eye;diag;linspace"
"fixtures/corpus/matrix_inv_det_aliases.frees","true","inv;det"
"fixtures/corpus/matrix_inverse.frees","true","Inverse"
"fixtures/corpus/matrix_matvec.frees","true",""
"fixtures/corpus/matrix_solve_linear.frees","true","SolveLinear"
"fixtures/corpus/mimo-control-channel11-is1-over-splus1.frees","true",""
"fixtures/corpus/mimo-control-channel22-is1-over-splus2.frees","true",""
"fixtures/corpus/mimo-control-cross-channel12-is-zero.frees","true",""
"fixtures/corpus/mixed_blocks.frees","true",""
"fixtures/corpus/module_grafting.frees","true",""
"fixtures/corpus/module_inside_for_loop.frees","true",""
"fixtures/corpus/module_internal_equations.frees","true",""
"fixtures/corpus/module_namespacing.frees","true","sin"
"fixtures/corpus/moving-boundary-hx-condenser-resolves-condensing-and-subcool-zones.frees","true","MovingBoundaryCondenser;ThermalSource;TwoPhaseSink;TwoPhaseSourcePH"
"fixtures/corpus/moving-boundary-hx-evaporator-resolves-two-phase-and-superheat-zones.frees","true","MovingBoundaryEvaporator;ThermalSource;TwoPhaseSink;TwoPhaseSource"
"fixtures/corpus/moving-boundary-hx-evaporator-superheat-zone-collapses-smoothly.frees","true","MovingBoundaryEvaporator;ThermalSource;TwoPhaseSink;TwoPhaseSource"
"fixtures/corpus/moving-boundary-hx-transient-warmup-births-superheat-zone-on-ida.frees","true","odevalue;finalvalue;minvalue;Conduction;MovingBoundaryEvaporator;ThermalMass;ThermalSource;TwoPhaseSink;TwoPhaseSource"
"fixtures/corpus/moving-boundary-hx-undersized-evaporator-leaves-refrigerant-two-phase.frees","true","MovingBoundaryEvaporator;ThermalSource;TwoPhaseSink;TwoPhaseSource"
"fixtures/corpus/multi-objective-beam.frees","true","rho_;E_"
"fixtures/corpus/multi-output-destructuring.frees","true","tf2ss;ss2tf;bode"
"fixtures/corpus/multi_output_divmod.frees","true","trunc"
"fixtures/corpus/multi_output_order.frees","true",""
"fixtures/corpus/multiout-colon-form-partial-omission-also-works.frees","true","tf2ss"
"fixtures/corpus/multiout-mid-list-tilde-on-two-output.frees","true","bode"
"fixtures/corpus/multiout-ss2tf-destructuring-2.frees","true","ss2tf"
"fixtures/corpus/multiout-ss2tf-destructuring.frees","true","ss2tf"
"fixtures/corpus/multiout-svd-discard-with-tilde.frees","true","svd"
"fixtures/corpus/multiout-tf2ss-full-destructuring-matches-call-form-2.frees","true","tf2ss"
"fixtures/corpus/multiout-tf2ss-full-destructuring-matches-call-form.frees","true","tf2ss"
"fixtures/corpus/multiout-tf2ss-partial-trailing-omission.frees","true","tf2ss"
"fixtures/corpus/mx_4x4_det_pivot_needed.frees","true","det"
"fixtures/corpus/mx_4x4_determinant.frees","true","det"
"fixtures/corpus/mx_5x5_determinant_singular.frees","true","det"
"fixtures/corpus/mx_cross_product.frees","true","Cross"
"fixtures/corpus/mx_elementwise_ops.frees","true",""
"fixtures/corpus/mx_matrix_product_explicit.frees","true",""
"fixtures/corpus/mx_matrix_reuse_across_equations.frees","true","det;trace;Inverse"
"fixtures/corpus/mx_nonsquare_inverse_refused.frees","true","Inverse"
"fixtures/corpus/mx_transpose_square.frees","true",""
"fixtures/corpus/mx_vector_slice_sum.frees","true","sum;linspace"
"fixtures/corpus/nested_for_in_function.frees","true",""
"fixtures/corpus/new-library-components-new-library-components-solve.frees","true","cond;LiquidMixer;LiquidOrifice;LiquidSink;LiquidSource;LiquidWallHX;MassGen;TwoPhaseCompressor;TwoPhaseCondenserFloat;TwoPhaseEvaporatorUA;TwoPhaseMixer;TwoPhasePressureSource;TwoPhaseSink"
"fixtures/corpus/newton-cooling-transient.frees","true","odevalue;finalvalue;maxvalue;timeat"
"fixtures/corpus/newton-cooling.frees","true","integral"
"fixtures/corpus/nichols-chart.frees","true","nichols"
"fixtures/corpus/nonlinear_scalar.frees","true",""
"fixtures/corpus/numeric-parity-examples-poly-fit-conductivity-matches-reference.frees","true",""
"fixtures/corpus/numeric-parity-examples-sensor-calibration-combined.frees","true","mean;median;std"
"fixtures/corpus/ode-rocket-trajectory-rocket.frees","true","exp;if;odevalue;maxvalue"
"fixtures/corpus/odelib-p01-radioactive-decay-ode1.frees","true",""
"fixtures/corpus/odelib-p02-rc-charging-ode2.frees","true",""
"fixtures/corpus/odelib-p03-first-order-reaction-ode3.frees","true",""
"fixtures/corpus/odelib-p04-rl-circuit-ode4.frees","true",""
"fixtures/corpus/odelib-p05-newton-cooling-ode5.frees","true",""
"fixtures/corpus/odelib-p06-parachutist-linear-drag-ode45.frees","true",""
"fixtures/corpus/odelib-p07-tank-draining-ode23.frees","true","sqrt"
"fixtures/corpus/odelib-p08-logistic-growth-ode45.frees","true",""
"fixtures/corpus/odelib-p09-terminal-velocity-quadratic-drag-ode45.frees","true",""
"fixtures/corpus/odelib-p10-mass-spring-damper-ode45.frees","true",""
"fixtures/corpus/odelib-p11-undamped-shm-ode4-energy-conserved.frees","true",""
"fixtures/corpus/odelib-p12-pendulum-small-angle-ode5.frees","true",""
"fixtures/corpus/odelib-p13-series-rlc-ode23.frees","true",""
"fixtures/corpus/odelib-p14-lotka-volterra-ode45-conserved-invariant.frees","true","ln"
"fixtures/corpus/odelib-p15-coupled-mixing-tanks-ode23.frees","true",""
"fixtures/corpus/odelib-p16-two-body-circular-orbit-ode45.frees","true","sqrt"
"fixtures/corpus/odelib-p17-classic-stiff-linear-ode15s.frees","true","exp"
"fixtures/corpus/odelib-p18-van-der-pol-stiff-ode23s.frees","true",""
"fixtures/corpus/odelib-p19-robertson-kinetics-ode23s-mass-conserved.frees","true",""
"fixtures/corpus/odelib-p20-stiff-reaction-chain-ode15s.frees","true",""
"fixtures/corpus/odelib-p21-implicit-dae-ode15s.frees","true",""
"fixtures/corpus/otto-cycle.frees","true",""
"fixtures/corpus/overdetermined.frees","true",""
"fixtures/corpus/overdetermined_by_one.frees","true",""
"fixtures/corpus/parameter-fit-decay-model.frees","true",""
"fixtures/corpus/partial-fractions.frees","true","tf"
"fixtures/corpus/pneumatics-iso6358.frees","true","iso6358"
"fixtures/corpus/pneumatics_iso6358_bad_b_rejected.frees","true","iso6358"
"fixtures/corpus/pressure-cooker-cooker-over-pressurises-with-undersized-valve.frees","true","BoilingVessel;SteamReliefValve;TwoPhasePressureSink"
"fixtures/corpus/pressure-cooker.frees","true","BoilingVessel;Convection;Ground;HeatingResistor;ProportionalReliefValve;ThermalMass;TwoPhasePressureSink;VoltageSource"
"fixtures/corpus/proc-call-inside-procedure-for-is-rejected-not-silently-dropped.frees","true","pole"
"fixtures/corpus/proc-function-factorial.frees","true","factorial"
"fixtures/corpus/proc-function-repeat-until.frees","true",""
"fixtures/corpus/proc-function-simple-conditional.frees","true",""
"fixtures/corpus/proc-function-used-in-expression.frees","true",""
"fixtures/corpus/proc-function-while-loop.frees","true",""
"fixtures/corpus/proc-milestone3-factorial-and-arrays.frees","true","factorial"
"fixtures/corpus/proc-module-basic-grafting.frees","true",""
"fixtures/corpus/proc-module-namespaces-function-calls-and-negation.frees","true","sin"
"fixtures/corpus/proc-module-solves-internal-equations.frees","true",""
"fixtures/corpus/proc-multi-output-function-basic.frees","true","trunc"
"fixtures/corpus/proc-multi-output-function-with-conditional.frees","true",""
"fixtures/corpus/proc-nested-for-inside-function-accumulates-correctly.frees","true",""
"fixtures/corpus/proc-procedure-basic-outputs.frees","true",""
"fixtures/corpus/proc-procedure-with-conditional.frees","true",""
"fixtures/corpus/proc_discarded_output.frees","true",""
"fixtures/corpus/proc_omitted_trailing_output.frees","true",""
"fixtures/corpus/proc_output_reused_as_input.frees","true",""
"fixtures/corpus/proc_recursive.frees","true",""
"fixtures/corpus/proc_three_outputs.frees","true","min;max"
"fixtures/corpus/procedure_conditional.frees","true",""
"fixtures/corpus/procedure_swap.frees","true",""
"fixtures/corpus/projectile-motion.frees","true","sin;cos"
"fixtures/corpus/projectile-trajectory.frees","true","sin;cos;sqrt"
"fixtures/corpus/property-argument-seeding-subcritical-inversion-across-dome-converges-from-default-guess.frees","true","temperature"
"fixtures/corpus/property-argument-seeding-supercritical-inversion-converges-from-default-guess.frees","true","temperature"
"fixtures/corpus/props_atmosphere_layer_seam.frees","true","isa_t;isa_p;isa_rho"
"fixtures/corpus/props_combustion_phi_sweep.frees","true","adiabaticflametemp"
"fixtures/corpus/props_compressible_sonic_point.frees","true","t0_t;p0_p;rho0_rho;a_astar;mach_a_astar;m2_shock;p2_p1_shock;t2_t1_shock;rho2_rho1_shock;p02_p01_shock;rayleigh_t0_t0star;rayleigh_t_tstar;rayleigh_p_pstar;rayleigh_p0_p0star;fanno_t_tstar;fanno_p_pstar;fanno_p0_p0star;fanno_fld;prandtlmeyer;mach_prandtlmeyer;machangle;theta_oblique;beta_oblique"
"fixtures/corpus/props_cubiceos_root_selection.frees","true","eos_z;eos_volume;eos_density;eos_pressure;eos_enthalpy;eos_entropy;eos_psat"
"fixtures/corpus/props_equilibrium_phi_sweep.frees","true","eq_molefraction;adiabaticflametempeq"
"fixtures/corpus/props_hx_ntu_limits.frees","true","hx_effectiveness;hx_ntu;lmtd;fin_efficiency"
"fixtures/corpus/props_idealgas_inverse.frees","true","temperature"
"fixtures/corpus/props_idealgas_range.frees","true","compressibility;compressibilityfactor;cp;cv;density;enthalpy;entropy;gibbs;intenergy;volume"
"fixtures/corpus/props_nasa7_range_ends.frees","true","mix_mw;mix_cp;mix_enthalpy;mix_entropy"
"fixtures/corpus/props_nasa7_switchover.frees","true","mix_cp;mix_enthalpy;mix_entropy"
"fixtures/corpus/props_realfluid_co2_transcritical.frees","true","conductivity;cp;density;enthalpy;entropy;quality;temperature;viscosity"
"fixtures/corpus/props_realfluid_r134a_states.frees","true","density;enthalpy;entropy;intenergy;pressure;quality;temperature"
"fixtures/corpus/props_realfluid_water_states.frees","true","density;enthalpy;entropy;intenergy;pressure;quality;temperature;volume"
"fixtures/corpus/props_solids_temperature.frees","true","k_;c_;rho_;E_;nu_"
"fixtures/corpus/props_transport_sweep.frees","true","mix_viscosity;mix_conductivity"
"fixtures/corpus/pump-sizing.frees","true",""
"fixtures/corpus/pv_basic_sweep.frees","true",""
"fixtures/corpus/pv_linear_too_many.frees","true",""
"fixtures/corpus/pv_linear_wrong_way.frees","true",""
"fixtures/corpus/pv_linear_zero_step.frees","true",""
"fixtures/corpus/pv_log_endpoints.frees","true",""
"fixtures/corpus/pv_log_negative_span.frees","true",""
"fixtures/corpus/pv_log_negative_start.frees","true",""
"fixtures/corpus/pv_log_two_number_rejected.frees","true",""
"fixtures/corpus/pv_row_order_ragged.frees","true",""
"fixtures/corpus/pv_unknown_spacing.frees","true",""
"fixtures/corpus/radiation-view-factors.frees","true","viewfactor_perp;viewfactor_plates;viewfactor_disks"
"fixtures/corpus/range_assign_linear.frees","true",""
"fixtures/corpus/range_assign_log.frees","true",""
"fixtures/corpus/range_assign_negative_step.frees","true",""
"fixtures/corpus/range_assign_sum.frees","true","sum"
"fixtures/corpus/range_assign_two_number.frees","true",""
"fixtures/corpus/rankine-cycle-2.frees","true","enthalpy;entropy;volume"
"fixtures/corpus/rankine-cycle.frees","true","enthalpy;entropy;volume"
"fixtures/corpus/real-fluid-properties-ethylene-glycol-mixture-resolves-to-incompressible-solution.frees","true","cp;density"
"fixtures/corpus/real-fluid-properties-glycol-concentration-is-configurable.frees","true","cp;density"
"fixtures/corpus/real-fluid-properties-property-calls-carry-inferred-si-units.frees","true","enthalpy;entropy;pressure;volume"
"fixtures/corpus/real-fluid-properties-solves-vapor-compression-cycle.frees","true","enthalpy;entropy;pressure"
"fixtures/corpus/refrigeration-vcr.frees","true","enthalpy;entropy"
"fixtures/corpus/root-locus-analysis.frees","true","rlocus;pole;zero"
"fixtures/corpus/routh-stability.frees","true","routh"
"fixtures/corpus/schematic-payload-separates-the-coolant-and-refrigerant-circuits.frees","true","LiquidPump;LiquidSink;LiquidSource;LiquidWallHX;MassGen;Pump;TwoPhaseCompressor;TwoPhaseEvaporatorUA;TwoPhasePressureSource;TwoPhaseSink"
"fixtures/corpus/schematic-payload-shared-stream-wiring-reports-the-stream-as-written.frees","true","LiquidPump;LiquidSink;LiquidSource;Pump"
"fixtures/corpus/schematic-payload-topology-only-documents-still-report-domain-and-endpoints.frees","true",""
"fixtures/corpus/sequential.frees","true",""
"fixtures/corpus/signal-domain-algebraic-feedback-loop-solves.frees","true","SigDiff;SigGain;SigSum"
"fixtures/corpus/signal-domain-blocks.frees","true","SigGain;SigSum"
"fixtures/corpus/signal-domain-chained-signal-blocks-propagate-the-value.frees","true","SigGain;SigSum"
"fixtures/corpus/signal-domain-one-writer-broadcasts-to-two-readers.frees","true","SigGain;SigSum"
"fixtures/corpus/signal-domain-signal-cannot-connect-to-a-fluid-port.frees","true","SigGain;SigSum;Sink;Source"
"fixtures/corpus/signal-domain-signal-cannot-connect-to-a-heat-port.frees","true","SigGain;SigSum;ThermalMass"
"fixtures/corpus/signal-processing-call-convolve.frees","true",""
"fixtures/corpus/signal-processing-call-fft-of-ramp.frees","true",""
"fixtures/corpus/signal-processing-call-ifft-recovers-signal.frees","true",""
"fixtures/corpus/simultaneous.frees","true",""
"fixtures/corpus/solid-and-string-functions-array-elmt-dynamic-indexing.frees","true","arrayelmt"
"fixtures/corpus/solid-and-string-functions-numeric-string-functions.frees","true","stringlen;stringpos;stringval"
"fixtures/corpus/solid-and-string-functions-solid-material-properties.frees","true","k_;c_;rho_;E_;nu_"
"fixtures/corpus/solid-and-string-functions-solid-property-participates-in-heat-transfer-calc.frees","true","k_"
"fixtures/corpus/solid-and-string-functions-temperature-dependent-solid-properties.frees","true","k_;c_;rho_"
"fixtures/corpus/solid-materials.frees","true","k_;c_;rho_;E_;nu_"
"fixtures/corpus/solid_absent_property_rejected.frees","true","nu_"
"fixtures/corpus/solid_unknown_material_rejected.frees","true","k_"
"fixtures/corpus/solver-equilibration-coupled-block-with-twelve-orders-of-magnitude-scale-disparity-solves.frees","true","sqrt"
"fixtures/corpus/solver_cubic_three_real_roots.frees","true",""
"fixtures/corpus/solver_division_by_zero_iterate.frees","true",""
"fixtures/corpus/solver_guess_clamped_into_bounds.frees","true",""
"fixtures/corpus/solver_high_degree_polynomial.frees","true",""
"fixtures/corpus/solver_log_domain_guard.frees","true","ln"
"fixtures/corpus/solver_merge_rung_rank_deficient_pair.frees","true","exp"
"fixtures/corpus/solver_near_singular_jacobian.frees","true",""
"fixtures/corpus/solver_root_on_lower_bound.frees","true",""
"fixtures/corpus/solver_root_on_upper_bound.frees","true",""
"fixtures/corpus/solver_root_outside_bounds.frees","true",""
"fixtures/corpus/solver_sequential_chain_of_ten.frees","true",""
"fixtures/corpus/solver_singular_linear_cycle.frees","true",""
"fixtures/corpus/solver_two_by_two_nonlinear.frees","true",""
"fixtures/corpus/solver_two_roots_guess_selects.frees","true",""
"fixtures/corpus/solver_wellposed_cycle_of_three.frees","true",""
"fixtures/corpus/sounding-rocket-trajectory.frees","true","exp;if;odevalue;finalvalue;maxvalue"
"fixtures/corpus/ss2tf-solve-ss2tf-recovers-second-order-transfer-function-with-manual-slices.frees","true","ss2tf"
"fixtures/corpus/ss2tf-solve-ss2tf-recovers-second-order-transfer-function-with-manual2-d-slices.frees","true","ss2tf"
"fixtures/corpus/ss2tf-solve-ss2tf-recovers-second-order-transfer-function.frees","true","ss2tf"
"fixtures/corpus/state-table-parse-accepts-quoted-fluid-name.frees","true",""
"fixtures/corpus/state-table-parse-numberless-state-variable-is-rejected.frees","true",""
"fixtures/corpus/state-table-parse-parses-variables-and-fluid-attribute.frees","true",""
"fixtures/corpus/state-table-parse-supports-multiple-fluid-aware-circuits.frees","true",""
"fixtures/corpus/state-table-parse-survives-markdown-extraction.frees","true",""
"fixtures/corpus/state-table-parse-variable-named-state-still-parses-as-identifier.frees","true",""
"fixtures/corpus/state-tables-multifluid.frees","true","enthalpy"
"fixtures/corpus/statistics-functions-descriptive-statistics.frees","true","mean;median;std;var"
"fixtures/corpus/statistics-functions-linear-regression.frees","true",""
"fixtures/corpus/statistics-functions-normal-distribution.frees","true","normalcdf;normalpdf;normalinvcdf"
"fixtures/corpus/statistics-functions-percentiles.frees","true","percentile"
"fixtures/corpus/statistics-functions-polynomial-regression.frees","true",""
"fixtures/corpus/steady-by-integration-chiller-bridge-reaches-consistent-steady-by-integration.frees","true","odevalue;finalvalue;minvalue;enthalpy;LiquidSink;LiquidSource;LiquidWallHX;ThermalMass;TwoPhaseSink;TwoPhaseSource"
"fixtures/corpus/step-impulse-response.frees","true","step;impulse;lsim;pole"
"fixtures/corpus/stiff_arrhenius_jacobian.frees","true","exp"
"fixtures/corpus/stiff_colebrook_friction.frees","true","log10;sqrt"
"fixtures/corpus/stiff_exponential_pair.frees","true","exp"
"fixtures/corpus/symbolic-identity-solve-solves-partial-fraction-example-end-to-end.frees","true","tf"
"fixtures/corpus/sysdesign-ex01-thermal-network-2.frees","true","odevalue;finalvalue;cv;Conduction;Convection;ThermalMass;ThermalSource"
"fixtures/corpus/sysdesign-ex01-thermal-network.frees","true","cv;Conduction;Convection;ThermalMass;ThermalSource"
"fixtures/corpus/sysdesign-ex02-driveline-spinup-2.frees","true","odevalue;finalvalue;minvalue;Inertia;MechGround;RotationalDamper;TorqueSource"
"fixtures/corpus/sysdesign-ex02-driveline-spinup.frees","true","Inertia;MechGround;RotationalDamper;TorqueSource"
"fixtures/corpus/sysdesign-ex03-ev-battery-thermal.frees","true","odevalue;finalvalue;BatteryTransient;Conduction;Ground;Resistor;ThermalSource"
"fixtures/corpus/sysdesign-ex04-dc-motor-drive.frees","true","odevalue;finalvalue;DCMotor;Ground;Inertia;MechGround;RotationalDamper;VoltageSource"
"fixtures/corpus/sysdesign-ex05-fuel-cell-stack.frees","true","Convection;FuelCellStack;Ground;ThermalSource"
"fixtures/corpus/sysdesign-ex06-pneumatic-2.frees","true","odevalue;finalvalue;PneumaticOrifice;PneumaticSupply;PneumaticVolume"
"fixtures/corpus/sysdesign-ex06-pneumatic.frees","true","PneumaticAtmosphere;PneumaticOrifice;PneumaticSupply"
"fixtures/corpus/sysdesign-ex07-pneumatic-servo.frees","true","PneumaticAtmosphere;PneumaticServoValve;PneumaticSupply"
"fixtures/corpus/sysdesign-ex08-hydraulic-power-unit.frees","true","ss;HydraulicOrifice;HydraulicPump;HydraulicSupply;HydraulicTank;MechGround;SpeedSource"
"fixtures/corpus/sysdesign-ex09-hydraulic-relief.frees","true","HydraulicSupply;HydraulicTank;ReliefValve"
"fixtures/corpus/sysdesign-ex10-pi-thermostat-control.frees","true","odevalue;finalvalue;Conduction;PIThermostat;ThermalMass;ThermalSource"
"fixtures/corpus/sysdesign-ex11-liquid-cooling-loop.frees","true","cp;LiquidColdPlate;LiquidPump;LiquidSink;LiquidSource;LiquidWallHX;Pump;ThermalSource"
"fixtures/corpus/sysdesign-ex12-moist-air-ahu.frees","true","CoolingCoil;HeatingCoil;MixingBox;MoistAirSink;MoistAirSource"
"fixtures/corpus/sysdesign-ex13-humidifier.frees","true","Humidifier;MoistAirSink;MoistAirSource"
"fixtures/corpus/sysdesign-ex14-gas-mixture-blend.frees","true","GasMixer;GasSource"
"fixtures/corpus/sysdesign-ex16-moving-boundary-evaporator.frees","true","MovingBoundaryEvaporator;ThermalSource;TwoPhaseSink;TwoPhaseSource"
"fixtures/corpus/sysdesign-ex17-ac-expansion-valve.frees","true","EXV;TwoPhasePressureSink;TwoPhasePressureSource"
"fixtures/corpus/sysdesign-ex18-powertrain-vehicle.frees","true","GradeRoadLoad;MeanValueEngine;Transmission"
"fixtures/corpus/sysdesign-ex19-battery2rc-discharge.frees","true","odevalue;finalvalue;Battery2RC;Ground;Resistor"
"fixtures/corpus/sysdesign-ex20-zeotropic-blend.frees","true","BlendMixer;BlendSink;BlendSource"
"fixtures/corpus/system-uncertainty-parameter-tolerance-propagates-to-component-network-kpis.frees","true","uncertaintyof;Conduction;Ground;HeatingResistor;ThermalSource;VoltageSource"
"fixtures/corpus/table_arg_is_solved.frees","true",""
"fixtures/corpus/table_case_insensitive_call.frees","true",""
"fixtures/corpus/table_clamps_outside_range.frees","true",""
"fixtures/corpus/table_curve_family.frees","true",""
"fixtures/corpus/table_descending_x_column.frees","true",""
"fixtures/corpus/table_duplicate_x.frees","true",""
"fixtures/corpus/table_family_between_curves.frees","true",""
"fixtures/corpus/table_family_clamped_parameter.frees","true",""
"fixtures/corpus/table_in_newton_block.frees","true",""
"fixtures/corpus/table_interpolate_by_name.frees","true","interpolate"
"fixtures/corpus/table_lone_1d.frees","true",""
"fixtures/corpus/table_lone_two_columns_extra.frees","true","lookup"
"fixtures/corpus/table_lookup_family.frees","true","differentiate;lookup;lookuprow;nlookuprows"
"fixtures/corpus/table_name_shadows_variable.frees","true",""
"fixtures/corpus/table_three_columns_family_exact_curve.frees","true",""
"fixtures/corpus/table_two_tables_same_argument.frees","true",""
"fixtures/corpus/table_xlog_extrapolate_clamp.frees","true",""
"fixtures/corpus/table_xlog_ylog.frees","true",""
"fixtures/corpus/table_xlog_zero_x_guard.frees","true",""
"fixtures/corpus/table_ylog_negative_y_guard.frees","true",""
"fixtures/corpus/tank-draining.frees","true","sqrt;integral"
"fixtures/corpus/thermo-compliance.frees","true","stagnationtemp;stagnationpres;compressibilityfactor;volume"
"fixtures/corpus/thermodynamics-examples-example1-1-wind-turbine-energy-and-savings.frees","true",""
"fixtures/corpus/thermodynamics-examples-example1-2-oil-tank-mass.frees","true",""
"fixtures/corpus/thermodynamics-examples-example1-9-manometer-absolute-pressure.frees","true",""
"fixtures/corpus/tpcharge-charge-sets-condensing-pressure-and-subcooling-2.frees","true","cond;TwoPhaseCondenserUA;TwoPhaseEnthalpySource;TwoPhaseSink"
"fixtures/corpus/tpcharge-charge-sets-condensing-pressure-and-subcooling.frees","true","cond;TwoPhaseCondenserUA;TwoPhaseEnthalpySource;TwoPhaseSink"
"fixtures/corpus/tpcharge-inventory-mass-uses-void-weighted-density.frees","true","inv;TwoPhaseInventory;TwoPhaseSink;TwoPhaseSource"
"fixtures/corpus/tpcharge-receiver-buffers-charge-in-its-level-2.frees","true","TwoPhaseReceiver;TwoPhaseSink;TwoPhaseSource"
"fixtures/corpus/tpcharge-receiver-buffers-charge-in-its-level.frees","true","TwoPhaseReceiver;TwoPhaseSink;TwoPhaseSource"
"fixtures/corpus/tpcycle-cop-drops-versus-isobaric-baseline.frees","true","cond;EXV;TwoPhaseCompressor;TwoPhaseCondenser;TwoPhaseEvaporator;TwoPhaseExpansionValve;TwoPhaseSink;TwoPhaseSource"
"fixtures/corpus/tpcycle-non-isobaric-cycle-has-suction-below-evaporating-pressure-and-plausible-cop.frees","true","cond;EXV;TwoPhaseCompressor;TwoPhaseCondenser;TwoPhaseEvaporator;TwoPhaseExpansionValve;TwoPhaseSink;TwoPhaseSource"
"fixtures/corpus/transient-heat-rod.frees","true","odevalue;finalvalue"
"fixtures/corpus/two-phase-distributed-temperature-glides-along-a-multi-cell-coil.frees","true","r2;TwoPhaseFlowRes;TwoPhaseSensor;TwoPhaseSink;TwoPhaseSource"
"fixtures/corpus/two-phase-domain-capacitive-resistive-capacitive-chain-is-accepted.frees","true","LiquidOrifice;LiquidVolume"
"fixtures/corpus/two-phase-domain-direct-capacitive-to-capacitive-connection-is-rejected.frees","true","LiquidVolume"
"fixtures/corpus/two-phase-domain-two-phase-chain-computes-quality-void-and-pressure-glide.frees","true","TwoPhaseFlowRes;TwoPhaseSensor;TwoPhaseSink;TwoPhaseSource"
"fixtures/corpus/twophase-lockhart-martinelli.frees","true","lm_phi2;lm_martinelli_tt"
"fixtures/corpus/twophase-void-friedel.frees","true","void_homogeneous;void_zivi;void_rouhani;friedel_phi2;momentum_flux"
"fixtures/corpus/twophase_martinelli_quality_rejected.frees","true","lm_martinelli_tt"
"fixtures/corpus/txv-superheat-domain-txv-superheat-connects-to-two-phase-lines.frees","true","ThermalSource;TwoPhasePressureSink;TwoPhasePressureSource;TXVSuperheat"
"fixtures/corpus/underdetermined.frees","true",""
"fixtures/corpus/underdetermined_by_one.frees","true",""
"fixtures/corpus/units_compound_derived.frees","true",""
"fixtures/corpus/units_dimension_mismatch_warns.frees","true",""
"fixtures/corpus/units_display_name_leak.frees","true",""
"fixtures/corpus/units_negative_celsius.frees","true",""
"fixtures/corpus/units_offset_in_expression.frees","true",""
"fixtures/corpus/units_pressure.frees","true",""
"fixtures/corpus/units_temperature.frees","true",""
"fixtures/corpus/units_temperature_ratio.frees","true",""
"fixtures/corpus/units_unknown_unit_warns.frees","true",""
"fixtures/corpus/validation-algebra-canonical-pair.frees","true",""
"fixtures/corpus/validation-algebra-cubic-unique-root.frees","true",""
"fixtures/corpus/validation-algebra-transcendental.frees","true","exp"
"fixtures/corpus/validation-component-thermal-chain.frees","true","Conduction;ThermalSource"
"fixtures/corpus/validation-component-voltage-divider.frees","true","r2;Ground;Resistor;VoltageSource"
"fixtures/corpus/validation-control-c2d-tustin.frees","true","c2d"
"fixtures/corpus/validation-control-error-constants.frees","true","errorconst"
"fixtures/corpus/validation-control-routh-stable.frees","true","routh"
"fixtures/corpus/validation-control-routh-unstable.frees","true","routh"
"fixtures/corpus/validation-fluid-hydrostatic.frees","true",""
"fixtures/corpus/validation-fluid-isentropic-flow.frees","true",""
"fixtures/corpus/validation-fluid-poiseuille.frees","true",""
"fixtures/corpus/validation-fluid-reynolds.frees","true",""
"fixtures/corpus/validation-fluid-standard-atmosphere.frees","true","isa_t;isa_p;isa_rho"
"fixtures/corpus/validation-ht-critical-radius.frees","true",""
"fixtures/corpus/validation-ht-effectiveness-ntu.frees","true","exp"
"fixtures/corpus/validation-ht-fin-efficiency.frees","true","tanh"
"fixtures/corpus/validation-ht-lumped-capacitance.frees","true","exp"
"fixtures/corpus/validation-ht-radiation-parallel-plates.frees","true",""
"fixtures/corpus/validation-matrix-determinant-triangular.frees","true","Determinant"
"fixtures/corpus/validation-matrix-eigen-symmetric.frees","true","Eigenvalues"
"fixtures/corpus/validation-matrix-solvelinear.frees","true","SolveLinear"
"fixtures/corpus/validation-ode-exponential-decay.frees","true","odevalue;finalvalue"
"fixtures/corpus/validation-ode-harmonic-oscillator.frees","true","odevalue;finalvalue"
"fixtures/corpus/validation-ode-logistic.frees","true","odevalue;finalvalue"
"fixtures/corpus/validation-ode-rc-step.frees","true","odevalue;finalvalue"
"fixtures/corpus/validation-signal-fft-impulse.frees","true",""
"fixtures/corpus/validation-stats-linfit-exact.frees","true",""
"fixtures/corpus/validation-thermo-brayton.frees","true",""
"fixtures/corpus/validation-thermo-carnot.frees","true",""
"fixtures/corpus/validation-thermo-isentropic-compression.frees","true",""
"fixtures/corpus/validation-thermo-isothermal-work.frees","true","ln"
"fixtures/corpus/validation-thermo-otto.frees","true",""
"fixtures/corpus/validation-uncertainty-product-rss.frees","true","uncertaintyof"
"fixtures/corpus/view-factor-coaxial-disks-reciprocity-with-unequal-radii.frees","true","viewfactor_disks"
"fixtures/corpus/zeotropic-blend-composition-rider-is-transported-across-connects.frees","true","BlendSensor;BlendSink;BlendSource"
"fixtures/corpus/zeotropic-blend-pure-refrigerant-has-no-glide.frees","true","BlendSink;BlendSource"
